@id,name,addr:street,addr:city,website,phone,amenity,building,municipality,@lat,@lon
373128152,Dimkata Angelov - Gaberot,,,,,school,,,41.4320592,22.0140878
386718936,Библиотека Феткин,,,,,library,,,41.4340077,22.0124363
390431519,Факултет за туризам и угостителство,,,,,university,,,41.1078977,20.8087351
390432729,Григор Прличев,,,,,school,,,41.1138095,20.8059333
390435552,Централна детска градинка,,,,,school,,,41.1133180,20.8057101
470029607,Gradska Biblioteka,,,,,library,,,42.2055718,22.3361557
470029608,Osnovno Uchilishte "Joakim Krchovski" (Partizan),,,,,school,,,42.2057455,22.3356267
470616425,Бели Мурги,,,,,school,,,41.9880653,21.4158375
478708631,ООУ „Дедо Илјо Малешевски“,,,,,school,,,41.7083571,22.8557297
497549499,Детска градинка „23 Август“,,,,,kindergarten,,,41.7059800,22.8538000
534285407,ЦСО Нико Нестор,,,,,school,,,41.1826650,20.6755028
547076356,ОСЕУ "8-ми Септември",,,,,school,,,42.0101321,20.9800652
552781811,ООУ „Свети Климент Охридски“ - Бутел,,,https://www.facebook.com/klimentohridskibutel,,school,,,42.0401876,21.4453940
553868046,Музичко-балетско училиште „Илија Николовски - Луј“,,,,,school,,,41.9983639,21.4355617
738836547,Партенија Зографски,,,,,school,,,41.9825660,21.4363017
774800638,O.U Goce Delcev,,,,,school,,,41.0897292,21.0162785
850990939,о.у. "Гоце Делчев",,,,,school,,,41.9930543,21.5817980
1012252185,Gafurr Luma,,,,,school,,,42.1667974,21.1882299
1207217951,Hristo Uzunov,,,,,school,,,41.1196746,20.8117352
1233405214,Skolata Smojmirovo,,,,,school,,,41.7355541,22.8440574
1272901303,Славчо Стоименски,,,,,school,,,41.8835512,22.5039001
1272901565,Гоце Длчев,,,,,kindergarten,,,41.8841103,22.5054236
1272904495,City Library,,,,,library,,,41.8840704,22.5047369
1357155803,Градинка Мирче Ацев,,,,,kindergarten,,,42.0183708,21.3558666
1378241476,Игротека Робин Худ,,,,,kindergarten,,,41.9824944,21.4357786
1381590834,Дом за Слепи,,,,,school,,,41.9757689,21.4411963
1714557674,ОУ Кочо Рацин Охрид,,,,,school,,,41.1358547,20.8102678
1734530424,Gradinka Mirce Acev,,,,,kindergarten,,,42.0069010,21.3508793
1734604499,ОУ Александар Урдаревски,,,,,school,,,42.0941301,21.3974516
1752188289,ИТ Академија Александрија,,,,,school,,,41.9967522,21.4073092
1790311351,Основно Училиште Видое Подгорец,,,,,school,,,41.3816880,22.8164029
1867248510,Факултет за музичка уметност,,,,,university,,,41.9973091,21.4351329
1919413190,DSU Kosta Susinov,,,,,school,,,41.6363397,22.4672673
1919413196,OU Krste Petkov Misirkov,,,,,school,,,41.6354256,22.4684260
1947769757,ОМУ Ристо Јуруков,,,,,school,,,41.9185555,22.4134704
2068679800,оу Коле Канински,Паца Мирчева,,,,school,,,41.0045387,21.3464495
2077741820,ОУ "Ванчо Китанов",,,,,school,,,41.7624428,22.8835063
2077741901,Детска градинка "7-ми Септември",,,,,kindergarten,,,41.7629450,22.8829109
2377969282,Детска Градинка "Росица",,,,,kindergarten,,,41.1195356,20.7938178
2406043244,Маршал Тито,,,,,school,,,41.4335818,22.6362779
2406044705,Народна гимназија Јане Сандански,,,,,school,,,41.4398906,22.6372536
2406044707,Сандо Масев,,,,,school,,,41.4403410,22.6362846
2406048906,Видое Подгорец,,,,,school,,,41.4368796,22.6408215
2406054227,Никола Вапцаров,,,,,school,,,41.4295445,22.6488595
2406054230,Земјоделско училиште Димитар Влахов,,,,,school,yes,,41.4392441,22.6466275
2472154321,Државен архив на Северна Македонија,,,,,library,,,41.9968185,21.4343486
2535157363,ОУ Димката Ангелов Габерот - Ваташа,,,,,school,,,41.4197860,22.0176814
2535214523,Снежана,,,,,kindergarten,,,41.4252572,22.0143929
2574272018,ПОУ Илинден,Konopnica,Крива Паланка,,,school,,,42.1823051,22.2928534
2574272028,ОУ Илинден,D-r. Nasko Tamburkov,Крива Паланка,,,school,,,42.1967762,22.3242368
2578029425,ПОУ Илинден,А2,Крива Паланка,,,school,,,42.1762925,22.2496006
2759230843,Григор Прличев,,,,,library,,,41.1126552,20.8006399
2893225157,Детска градинка,,,,,kindergarten,,,41.0422962,21.4560704
3084514387,Petta Privatna Gimnazija,,,,,,school,,41.9932077,21.4737230
3098482742,Правен Факултет Св. Климент Охридски,,,,,university,,,41.5109634,20.9595002
3189871864,Elektro-tehnicki fakultet,,,,,university,,,41.6373260,22.4618690
3189877961,Nikola Karev,,,,,school,,,41.6403400,22.4630390
3304397119,Климент Охридски,,,,,,school,,41.1210975,20.7791812
3695988842,Градска Библиотека Илинден,,,,,library,,,41.9663875,22.7729840
3709964622,ОУ Ванчо Прќе,,,,,school,,,41.9669828,22.8027712
3832632320,Медицински Факултет,,,,,university,,,41.9898623,21.4246243
4143960189,Германска читалница,Булевар Гоце Делчев,Cкoпje,,,library,,,41.9981313,21.4393671
4144098289,Американско катче Македонија,Булевар Гоце Делчев,Cкoпje,https://www.acmacedonia.org/,+389 2 3120020,library,,,41.9980573,21.4397823
4161457892,Ванчо Прке,,Виница,http://souvancoprke.gov.mk/,+38933361903,school,,,41.8868911,22.5066167
4234141389,Кочо Рацин,Козара,,,,kindergarten,,,41.9916779,21.4189621
4281387189,SH.F " 25 Maji ",,,,,school,,,42.0126768,21.5104934
4315672830,Градинка Ресен Gradinka,,,,,school,,,41.0872538,21.0124920
4375519490,ДСУ  Никола Карев,Никола Русински,,,,school,,,42.0041882,21.4011992
4379207738,Едукативен центар СОНЦЕ,,,,,school,,,41.9866117,21.4670763
4410665289,ASM,,,,,school,,,42.0069742,21.3831677
4434599189,shkolla e mesme teologjike,,,,,school,,,41.7994281,20.8999313
4502378793,Osnovno uciliste Sabedin Bajrami,101,,,,school,,,41.9415390,20.9270280
4502452989,Osnovno uciliste Sabedin Bajrami,101,,,,school,,,41.9442832,20.9261478
4502463692,Абдил Фрашери,102,,,,school,,,41.9233035,20.9164487
4594261791,ОУ Кирил Пејчиновиќ,,,,,school,,,42.0761881,21.0523475
4658223490,ОУ Кирил и Медодиј,,,,,school,,,42.0279527,21.5133898
4701925194,ООУ Кирил и Методиј,Ораовица,,,,school,,,41.6268908,22.5151443
4708705494,Helen Doron Kapistec,,,,,school,,,41.9914476,21.4174048
4737821726,ПООУ "Гоце Делчев" - Штип  нас. Три Чешми,,,,,school,,,41.7731308,22.1374625
4743172725,Игротека Нодиленд,,,,,kindergarten,,,41.9910446,21.5906610
4894991469,Piano Forte,,,,,music_school,,,42.0015851,21.3950847
4990146131,Во светот на децата,,,,,kindergarten,,,41.9715732,21.4563516
5058090722,Гете-институт - Скопје,8. Септември,Cкoпje,https://www.goethe.de/ins/mk/mk/index.html,+389 2 3121604,language_school,,,42.0063640,21.4061742
5115448717,ОУ "Св.Климент Охридски","Климентов конак" бб.,Ohrid,,,school,,,41.1141182,20.7968544
5266913821,Universiteti i Tetoves “Fakulteti i shkencave të zbatuara”,Вон- Вардарска,,https://unite.edu.mk/,,school,,,41.9915112,20.9625155
5554568424,ИБССА МАКЕДОНИЈА ТРЕНИНГ ЦЕНТАР,Dragan Stoparevic,,http://www.ibssamacedonia.com,,school,,,42.1230263,21.7321995
5570356121,Shkolla Fillore “Sali Lisi”,,,,,school,,,41.8619064,20.8899632
5761128721,ОСУ Цар Самоил Касарна,,,,,school,,,41.0921116,21.0047133
5761132821,ООУ Мите Богоевски,,,,,school,,,41.0881356,21.0107101
5846660690,Casta Diva,Васил Главинов,,http://www.castadiva.com.mk,+38923220205,school,,,41.9967891,21.4283169
5999496385,Gimnazijum Sami Frasheri,3 Македонска Ударна Бригада,,,,school,,,42.1336401,21.7109563
6054048713,Универзитет за туризам и менаџмент,,,,,school,,,42.0022668,21.3989930
6054050089,Меѓународен балкански универзитет,Самоилова,,,,university,,,42.0017934,21.4348281
6079510883,Bambi,,,,,kindergarten,,,42.0181894,22.5905199
6079524198,Kiril i Metodij,,,,,school,,,42.0224748,22.5881371
6079524199,Central High School,,,,,school,,,42.0228040,22.5893854
6357256985,Мустафа Кемал Ататурк,Pavle Avramoski,,,,school,,,41.7936137,20.9008852
6812666691,Deutsches Sprachzentrum,Булевар Климент Охридски,,,,school,,,42.0000789,21.4265771
6815633186,Курсеви за Јазик,,,,,school,,,41.7925564,20.9066898
6816032485,Меѓународен Универзитет Визион,,,,,school,,,41.7924608,20.9077838
7113026240,Max van der Stoel,,,,,library,,,41.9867327,20.9599279
7781686838,Технолошко-техничкиот факултет - Нутриционизам,,,,,university,,,41.5108839,20.9596189
8615939373,Библиотека „Браќа Миладиновци“ - Карпош,Иван Аговски,Cкoпje,,,library,,,42.0027424,21.4120526
8672620322,Clover Center Language School,,,https://www.facebook.com/clovercenterlanguageschool/,+38972244663,language_school,,,41.9830140,21.4768598
9120586719,25 Мај,,,,,kindergarten,,,42.0034662,21.5001674
9239000799,Илјада книги,,Скопје,,,library,,,41.9946963,21.4354639
10091078201,Основно училиште „Магдалена Антова“,,,,,school,,,42.1537696,21.7355727
1000000016663880,ОУ Jохан Хајнрих Песталоци,,,,,school,,,41.9974458,21.4207761
1000000016669251,Универзитет „Св. Кирил и Методиј“,Булевар Гоце Делчев,Cкoпje,http://www.ukim.edu.mk,+389 2 3293293,university,,,42.0001211,21.4429258
1000000028210582,ОУ Братство,,,,,school,,,42.0014174,21.3887245
1000000028210692,Мајски Бумбар,,,,,kindergarten,,,42.0012832,21.3873011
1000000028210848,ООУ „Јан Амос Коменски“,,,,,school,,,42.0007834,21.3940669
1000000028213157,Градинка Орце Николов,,,,,kindergarten,,,42.0047354,21.3979350
1000000028213214,Другарче,,,,,library,,,42.0036192,21.4004515
1000000028214330,Факултет за драмски уметности,Руѓер Бошковиќ,,,,university,,,42.0048024,21.4060363
1000000028214819,ОУ Коле Неделковски,,,,,school,,,42.0004114,21.4201530
1000000028220815,ОУ Вера Јоциќ,,,,,school,,,41.9951468,21.5080950
1000000032297819,Росица,Франц Прешерн,Cкoпje,,,kindergarten,,,42.0091644,21.3763845
1000000032299021,ОУ Димо Хаџи Димов,,,,,school,,,42.0052377,21.3737040
1000000032340717,QSI International School of Skopje,,,,,school,,,42.0074543,21.4131199
1000000032530219,Архив на град Скопје,Московска,,,,library,yes,,42.0030932,21.3907447
1000000032657855,Универзитет „Њујорк“,,,,,university,,,42.0020499,21.3362188
1000000032669909,ОУ Дане Крапчев,,,,,school,,,42.0036889,21.5029474
1000000032687581,Средно медицинско,,,,,school,,,41.9907187,21.4229867
1000000032688305,Педагошка Академија,,,,,university,,,42.0001276,21.4055326
1000000032688320,СГГУ Здравко Цветковски,,,,,school,,,42.0012335,21.4026117
1000000032784330,ОУ Лазар Трповски,,,,,school,,,42.0062139,21.3983250
1000000032912613,Европски универзитет,Булевар Климент Охридски,Cкoпje,https://www.eurm.edu.mk/,+389 2 3202020,,university,,41.9940769,21.4238179
1000000033048458,ОУ „Кочо Рацин“,Тодор Александров,Cкoпje,,,,school,,41.9872322,21.4171205
1000000033114282,Меѓународни Училишта НОВА (гимназија),Прашка,Cкoпje,http://www.nova.edu.mk,+389 2 3061 807,school,,,41.9986820,21.3934916
1000000034321708,Правен факултет „Јустинијан Први“,Булевар Гоце Делчев,Cкoпje,http://www.pf.ukim.edu.mk,+389 2 3117244,,university,,41.9995463,21.4429634
1000000034321726,Економски факултет,Булевар Гоце Делчев,Cкoпje,http://www.eccf.ukim.edu.mk,+389 2 3286800,,university,,42.0009142,21.4431363
1000000034321749,Филозофски факултет,Булевар Гоце Делчев,Cкoпje,http://www.fzf.ukim.edu.mk,+389 2 3116520,,university,,41.9999634,21.4444539
1000000034321766,Ректорат,,Cкoпje,,,,university,,42.0001268,21.4420171
1000000035065177,СОУ Наум Охридски,,,,,school,,,41.5119131,21.2171629
1000000035158196,ООУ Климент Охридски,,,,,school,,,41.5118297,21.2158769
1000000035358725,Дом на култура 25 Мај,Партизанска,Македонски Брод,,,library,yes,,41.5097744,21.2168495
1000000035435554,ДГ 7. Септември,,,,,kindergarten,,,41.5103293,21.2169235
1000000035540932,ОУ "26 Јули",,,,,school,,,42.0350555,21.4253708
1000000035829281,Техничко-технолошки кампус,,,,,university,,,42.0048012,21.4083577
1000000035829314,Факултет за електротехника и информациски технологии,Руѓер Бошковиќ,Cкoпje,,,,university,,42.0043616,21.4079909
1000000035829344,Факултет за информатички науки и компјутерско инженерство (ФИНКИ),Руѓер Бошковиќ,Cкoпje,https://www.finki.ukim.mk,,,university,,42.0040987,21.4097446
1000000035831183,Детска градинка Пролет 2,Милан Марковиќ,Скопје,,+38923085701,school,,,41.9928542,21.4030947
1000000035867836,Национална и универзитетска библиотека,Булевар Гоце Делчев,Cкoпje,,,library,civic,,41.9979496,21.4393450
1000000036269365,Градинка Изворче,,,,,kindergarten,,,41.9864929,21.4583540
1000000037626316,Весели Цветови,,,,,kindergarten,,,41.9733761,21.4408721
1000000037626720,ФИНКИ - Барака 1,Септемвриска сесија,Cкoпje,,,,university,,42.0045056,21.4064857
1000000037626721,ФИНКИ - Барака 2,Септемвриска сесија,Cкoпje,,,,university,,42.0046504,21.4065183
1000000037626722,ФИНКИ - Барака 3,Септемвриска сесија,Cкoпje,,,,university,,42.0047945,21.4065527
1000000037626725,Машински Факултет,,Cкoпje,,,university,yes,,42.0056465,21.4066339
1000000037758475,СОУ Љупчо Сантов,,,,,school,,,41.9140667,22.4098955
1000000037758476,ОУ Кирил и Методиј,,,,,school,,,41.9137935,22.4105033
1000000037760882,ОУ Раде Кратовче,,,,,school,,,41.9234120,22.4110822
1000000037907465,Детска Градинка Павлина Вељанова клон 3,,,,,kindergarten,,,41.9100110,22.4033059
1000000037911021,СОУ Гошо Викентиев,,,,,school,,,41.9145199,22.4379048
1000000037996998,Шумарски факултет,Булевар Александар Македонски,Cкoпje,,,university,yes,,42.0020503,21.4592269
1000000037997213,Seavus Education and Development Centar,11 Октомври,Cкoпje,,,,school,,41.9868677,21.4398588
1000000038071329,ОУ Наум Наумовски Борче,,,,,school,,,41.9988671,21.4994041
1000000038081117,Економски институт - Скопје,,Cкoпje,http://www.ek-inst.ukim.edu.mk/,,university,yes,,41.9887436,21.4374427
1000000039468958,ОУ Никола Карев,,,,,school,,,41.9136830,22.4133949
1000000039992008,Gradinka,,,,,kindergarten,yes,,41.9950767,21.5109582
1000000043362987,СУГС Арсениј Јовков,,,,,school,,,42.0227827,21.4430300
1000000043444610,Универзитет Американ Колеџ Скопје,Булевар 3та Македонска Бригада,Cкoпje,www.uacs.edu.mk,+389 2 2463156,university,,,41.9812276,21.4546477
1000000043676177,ОУ Адем Јашари,,,,,school,,,42.0111173,21.4380415
1000000043682131,Ќемал Јахија,,,,,school,,,42.0300433,21.4411245
1000000044040587,Институт за земјотресно инженерство и инженерска сеизмологија - ИЗИИС,,,,,university,,,41.9791577,21.4259383
1000000054037881,ПСУ „Јахја Кемал“,Варшавска,Cкoпje,http://ykc.edu.mk,+389 2 3074168,school,,,42.0009715,21.3926854
1000000059339418,Природно Математички Факултет,,,,,university,,,42.0016016,21.4518169
1000000086818741,Brotherhood and Unity,,,,,school,,,41.7909599,20.9110971
1000000087106548,Sh.F. "Liria",,,,,school,,,42.0074435,20.9700207
1000000087338471,Универзитет на Југоисточна Европа,Илинденска,Tetovo,https://www.seeu.edu.mk/,+38944356000,university,,,41.9869840,20.9626467
1000000121167696,О.У. Страшо Пинџур,,,,,school,,,42.0178598,21.3547045
1000000122868894,Медиа Арт Студио,Франклин Рузвелт,Cкoпje,,,school,school,,42.0002295,21.4129185
1000000122885860,Средно уметничко училиште „Лазар Личеновски“,Киро Крстевски Платник,Cкoпje,,,school,yes,,41.9955480,21.4207442
1000000122976440,Мајски цвет,Варшавска,Cкoпje,,,kindergarten,yes,,42.0006640,21.3967502
1000000123273633,Orce Nikolov,Бранислав Нушиќ,Cкoпje,,,,kindergarten,,42.0028292,21.4084477
1000000144060294,Партизан,Свети Јоаким Осоговски,Kriva Palanka,,,school,,,42.2057300,22.3357029
1000000144060298,OU Joakim Krchovski,Sveti Joakim Osogovski,Kriva Palanka,,,school,,,42.2036088,22.3343475
1000000146849628,Vuk Karadzhikj / Naim Frasheri,,,,,school,,,42.1308788,21.7096696
1000000152615769,Инвалидска комисија,Букурешка,Cкoпje,,,,school,,41.9997231,21.4002245
1000000152627805,Крсте Мисирков / Браќа Миладиновци,Народна Револуција,,,,school,,,42.1327192,21.7195905
1000000156845666,Гоце Делчев,,,,,school,,,42.1318882,21.7217365
1000000158940804,Гимназија Кочо Рацин,,,,,school,school,,41.7176114,21.7732488
1000000158940837,С.С.О.У 'Коле Неделковси',,,,,college,school,,41.7196265,21.7631748
1000000158943043,Бели Мугри,,,,,library,yes,,41.7180637,21.7782984
1000000159157797,Музичко О.У. “Киро Димов“,,,,,school,yes,,41.7185645,21.7828867
1000000160528438,Тане Георгиевски,,,,,library,yes,,42.1339256,21.7189594
1000000163003846,Фармацевтски Факултет,,Cкoпje,,,university,yes,,41.9885200,21.4250843
1000000163003853,ОУ „Кузман Јосифовски - Питу “,,Cкoпje,,,school,yes,,41.9828558,21.4316583
1000000163004660,ОУ „Кузман Јосифовски - Питу“,,,,,school,,,41.9869025,21.4323628
1000000163023496,Градинка Весели Цветови,Антон Попов,Cкoпje,,,kindergarten,,,41.9832370,21.4353739
1000000163025976,Гралска библиотека браќа миладиновци Скопје,Булевар Партизански Одреди,Cкoпje,http://www.gbsk.mk,+389 2 3162 544,library,civic,,41.9997606,21.4201783
1000000164191035,Кузман Јосифовски - Питу,,Cкoпje,,,,dormitory,,41.9957312,21.4240155
1000000166531224,Музичко училиште „Панче Пешев“,,,,,school,yes,,42.1376636,21.7143257
1000000166533340,СОсновно училиште „Кочо Рацин“,,,,,school,yes,,42.1189539,21.7338819
1000000168115731,Градинка,,,,,kindergarten,yes,,42.1324204,21.7207389
1000000174273487,ОУ „Вера Циривири Трена“,Руѓер Бошковиќ,Cкoпje,http://veraciriviritrena.edu.mk/,+38923068507,school,,,42.0036330,21.4087699
1000000174342541,Детска градинка „11 Октомври“,,,,,kindergarten,,,42.0611892,21.4507894
1000000174342545,О.У „Ацо Шопов“,,,,,school,,,42.0623645,21.4521691
1000000174464034,ОУ „Браќа Миладиновци“,,,,,school,,,41.9913054,21.4512524
1000000174471972,ОУ „Блаже Конески“,,,,,school,,,41.9867408,21.4499988
1000000174481179,ОУ „Димитар Миладинов“,,,,,school,yes,,41.9892077,21.4347754
1000000175094125,Факултет за земјоделски науки и храна,Булевар Александар Македонски,Cкoпje,,,university,office,,42.0022287,21.4583354
1000000175096962,Факултет за Ветеринарна Медицина,Лазар Поп Трајков,Cкoпje,,,,university,,42.0030067,21.4591822
1000000175097886,ОУ Глигор Прличев,Гемиџиска,Скопје,,,school,,,42.0146285,21.4588956
1000000175100448,Детска Градинка - Калинка,,,,,kindergarten,,,42.0138358,21.4613062
1000000175109039,СУ Панче Арсовски,,,,,school,,,42.0061261,21.4645572
1000000175109041,Панче Арсовски,,Cкoпje,,,,school,,42.0061042,21.4647678
1000000175161287,Институт за хемија,Архимедова,Cкoпje,,,,university,,42.0012602,21.4537472
1000000175162442,Студентски Дом Стив Наумов,,,,,university,,,42.0016256,21.4554107
1000000175162701,Институт за информатика,,Cкoпje,,,,university,,42.0030479,21.4498140
1000000175162702,Институт за физика,Гази Баба,Cкoпje,,,,university,,42.0024483,21.4504620
1000000175163906,Институт за математика,Гази Баба,Cкoпje,,,,university,,42.0026551,21.4502399
1000000175163907,Деканат на ПМФ,,Cкoпje,,,,university,,42.0032041,21.4500577
1000000175163909,Институт за географија,,Cкoпje,,,,university,,42.0028564,21.4500238
1000000175163910,Институт за етнологија и антрпологија,,Cкoпje,,,,university,,42.0011837,21.4532434
1000000175199064,Лабораторија,,Cкoпje,,,,university,,42.0038042,21.4585529
1000000175199067,Stiv Naumov,,Cкoпje,,,,dormitory,,42.0016437,21.4550715
1000000175199069,Stiv Naumov,,Cкoпje,,,,dormitory,,42.0022154,21.4552164
1000000175199070,ОУ Владо Тасевски,,,,,school,,,41.9961947,21.3959780
1000000175199073,Stiv Naumov,,Cкoпje,,,,dormitory,,42.0022695,21.4557545
1000000175199076,Stiv Naumov,,Cкoпje,,,,dormitory,,42.0012804,21.4559004
1000000175199077,Stiv Naumov,,Cкoпje,,,,dormitory,,42.0015767,21.4567881
1000000175199079,Stiv Naumov,,Cкoпje,,,,dormitory,,42.0012926,21.4568130
1000000175199085,Ветеринарен Институт,,Cкoпje,,,,university,,42.0036560,21.4590897
1000000175199086,Stiv Naumov,,Cкoпje,,,,dormitory,,42.0004889,21.4559989
1000000175199088,Stiv Naumov,,Cкoпje,,,,dormitory,,42.0018847,21.4542215
1000000175199092,Stiv Naumov,,Cкoпje,,,,dormitory,,42.0020024,21.4549702
1000000175199098,Stiv Naumov,,Cкoпje,,,,dormitory,,42.0020605,21.4555162
1000000175199100,Stiv Naumov,,Cкoпje,,,,dormitory,,42.0010131,21.4568259
1000000175199104,Stiv Naumov,,Cкoпje,,,,dormitory,,42.0018464,21.4552814
1000000175199105,Ветеринарен Институт,,Cкoпje,,,,university,,42.0041382,21.4596472
1000000175199106,Stiv Naumov,,Cкoпje,,,,dormitory,,42.0024192,21.4554347
1000000175199107,Stiv Naumov,,Cкoпje,,,,dormitory,,42.0006984,21.4552742
1000000175199111,Stiv Naumov,,Cкoпje,,,,dormitory,,42.0023065,21.4548428
1000000175199112,Stiv Naumov,,Cкoпje,,,,dormitory,,42.0022502,21.4544780
1000000175202007,Средно угостителско училиште „Лазар Танев“,Стрезово,Cкoпje,,,,school,,41.9932129,21.3996165
1000000175202014,Еурека,,,,,kindergarten,,,41.9934033,21.3979234
1000000175202015,Средно угостителско училиште "Лазар Танев",,,http://www.lazartanev.edu.mk/zanas.html,+389 2 3085035,school,,,41.9931939,21.3994474
1000000175398193,ОУ Кирил и Методиј,,,,,school,,,41.9973785,21.4389267
1000000175428047,ОУ Стив Наумов,,,,,school,,,42.0034816,21.4661397
1000000175444948,Детска Градинка "Темјанушка",Јани Лукровски,,,,kindergarten,,,42.0019269,21.4633208
1000000175451781,ОУ 11-ти Октомври,,,,,school,,,41.9891872,21.4406175
1000000175451785,Детска Градинка Мимоза,Бапчор,,,,kindergarten,,,42.0033711,21.4676344
1000000175451790,СУГС „Раде Јовчевски - Корчагин“,,,,,school,,,41.9905733,21.4380717
1000000175515222,Детска Градинка "13 Ноември",,,,,kindergarten,,,41.9963459,21.4209368
1000000175519127,СУГС Гимназија "Орце Николов",Булевар Илинден,Cкoпje,https://orcenikolov.edu.mk/,+389 2 3065 555,school,,,42.0061355,21.4124713
1000000175884915,ОУ Цветан Димов,Коста Абрашевиќ,,,,school,,,42.0104452,21.4416559
1000000175888054,ОУ Васил Главинов,,,,,school,,,42.0134211,21.4332456
1000000175888059,Детска Градинка Снежана,,,,,kindergarten,,,42.0135483,21.4345558
1000000175889734,СУГС Цветан Димов,,,,,school,,,42.0139402,21.4376104
1000000175890712,ОУ Рајко Жинзифов,,,,,school,,,42.0196767,21.4335627
1000000175892208,ОУ Петар Здравковски Пенко,,,,,school,,,42.0219663,21.4428671
1000000175896358,Заводот за рехабилитација на деца и младинци “Топанско поле”,,,,,school,,,42.0230019,21.4354433
1000000175896365,СУГС Зефљуш Марку,,,,,school,,,42.0243618,21.4350155
1000000175897525,ОУ Панајот Гиновски,,,,,school,,,42.0208223,21.4517926
1000000175898988,ОУ Лирија,Булевар Цветан Димов,,,,school,,,42.0085566,21.4444586
1000000175903378,ОУ Тефјуз,,,,,school,,,42.0048655,21.4432037
1000000175912096,ОУ Иднина,Втора Македонска Бригада,,,,school,,,42.0208292,21.4462027
1000000175912102,ОУ Никола Вапцаров,Браќа Реџепагиќ,,,,school,,,42.0160487,21.4410866
1000000175915277,ОУ Јашар Беј Шкупи,Прохор Пчински,,,,school,,,42.0052312,21.4362644
1000000176171863,Детска градинка „Кочо Рацин“,,,,,kindergarten,,,41.9877883,21.4171423
1000000176171869,ОУ „Кочо Рацин “,,,,,school,,,41.9870488,21.4172215
1000000176176612,Православен Богословски факултет - Свети Климент Охридски,Загрепска,,,,university,,,41.9930174,21.4098921
1000000176295157,Детска Градинка Страшо Пинџур,,,,,kindergarten,,,42.0319074,21.4461611
1000000176295159,Детска Градинка Бутел 2,,,,,kindergarten,,,42.0213142,21.4524635
1000000176295164,ОУ Живко Брајковски,,,,,school,,,42.0309216,21.4469020
1000000176297133,Детска Градинка Бутел 1,,,,,kindergarten,,,42.0315790,21.4472821
1000000176504900,ОУ Војдан Чернодрински,,,,,school,,,41.9987542,21.4101522
1000000176505559,Ученички дом Здравко Цветковски,Дрезденска,Cкoпje,,,,dormitory,,41.9986340,21.4119815
1000000176511716,Детска Градинка Бисери,,,,,kindergarten,,,42.0006034,21.4053381
1000000176513052,СУГС Георги Димитров,,,,,school,,,41.9997037,21.4019021
1000000176705486,Блок Г,Митрополит Теодосиј Гологанов,Cкoпje,,,,dormitory,,41.9994515,21.3898874
1000000176705487,Блок Б,Митрополит Теодосиј Гологанов,Cкoпje,,,,dormitory,,41.9989673,21.3903875
1000000176705491,Блок В,Митрополит Теодосиј Гологанов,Cкoпje,,,,dormitory,,41.9993839,21.3904647
1000000176705492,Блок А,Митрополит Теодосиј Гологанов,Cкoпje,,,,dormitory,,41.9990407,21.3897800
1000000176705494,Студентски дом „Гоце Делчев“,,,,,university,,,41.9992187,21.3903055
1000000176720023,ОУ Христијан Тодоровски Карпош,,,http://oouhtkarpos.edu.mk,+389 (02) 3067-407,school,,,42.0042785,21.4131522
1000000176720024,Центар за странски јазици,,Cкoпje,http://www.csj.com.mk/,+389 (0)2 306 77 83,school,yes,,42.0045613,21.4137621
1000000177017267,Библиотека „Браќа Миладиновци“,,,,,library,,,41.9997022,21.4202483
1000000177017270,ОУ Коле Неделковски,,Cкoпje,,,,school,,42.0003321,21.4198144
1000000177029322,Меѓународни Училишта НОВА (основно училиште),Прашка,Cкoпje,http://www.nova.edu.mk,+389 2 3061 807,school,,,41.9985982,21.3942521
1000000177120437,ОУ Димитар Беровски,,,,,school,,,42.0031170,21.3574814
1000000177122241,СУГС Кочо Рацин,,,,,school,,,42.0043695,21.3638121
1000000177405949,ОУ Партение Зографски,,,,,school,,,42.0029025,21.4817394
1000000177461982,ОУ Климент Охридски,,,,,school,,,41.9305394,21.5262392
1000000177490035,СУГС Браќа Миладиновци,,,,,school,,,41.9355621,21.5227727
1000000177490041,ОУ Рајко Жинзифов,,,,,school,,,41.9409409,21.5099439
1000000177490044,ОУ Кузман Шапкарев,,,,,school,,,41.9412925,21.5220616
1000000179091097,ФОН Универзитет,,,,,university,,,41.9929199,21.4740172
1000000179417714,Средно Богословско Училиште   Св.Климент Охридски”,,,,,school,,,41.9307020,21.5250014
1000000179481461,ОУ Лазо Ангеловски,,,,,school,,,41.9831139,21.4801673
1000000179484769,ОУ Ѓорѓија Пулевски,,,,,school,,,41.9894960,21.4647681
1000000179484774,ОУ Ѓорѓија Пулевски,Булевар Јане Сандански,Cкoпje,,,,school,,41.9892022,21.4649948
1000000179747905,С.У.Г.С. Владо Тасевски,Булевар 3та Македонска Бригада,,,,school,,,41.9779285,21.4614259
1000000179790349,ОУ Невена Георгиева Дуња,,,,,school,,,41.9804094,21.4452441
1000000182436642,Институт за лозарство и винарство,,,,,university,,,42.0313019,21.4530707
1000000182458592,ОУ Ѓорче Петров,4 Јули,,,,school,,,42.0077915,21.3368528
1000000183794311,ОУ Св. Климент Охридски,,,,,school,,,41.8838920,22.3341079
1000000183837444,ОУ Малина Попиванова,Тодосија Паунов,,,,school,,,41.9143529,22.4218469
1000000184159006,Детска Градинка Павлина Вељанова клон 2,Македонска,,,,kindergarten,,,41.9151522,22.4260406
1000000184305375,ОУ Крсте Петков Мисирков,,,,,school,,,41.9249258,22.4447690
1000000184305376,Krste P. Misirkov,Marshal Tito,Оризари,,,,school,,41.9248009,22.4448324
1000000189884674,Фискултурна сала - Машински факултет,,Cкoпje,,,,university,,42.0042411,21.4089886
1000000190034508,АСУЦ Боро Петрушевски,,,,,school,,,42.0015951,21.4754763
1000000194613382,Хидробиолошки Институт,,,http://www.hio.edu.mk/GeoMapa.aspx,,university,yes,,41.1017070,20.8148319
1000000196563472,Коле Канински,,,,,school,,,41.0045734,21.3466282
1000000203672094,Школа,,,,,school,yes,,42.1338865,21.7207615
1000000203936437,Ангел Шајче 3,,,,,kindergarten,,,42.1394902,21.7158643
1000000203936976,11-ти Октомври,,,,,school,,,42.1387933,21.7159217
1000000209809203,ООУ "Гоце Делчев",,,,,school,school,,41.2180763,21.2033236
1000000209809204,СОУ "Крсте Петков-Мисирков",,,,,school,school,,41.2181392,21.2024961
1000000224361718,ОУ Јоаким Крчовски,,,,,school,,,42.0545245,21.3489186
1000000224361720,ОУ Јоаким Крчовски,,,,,school,,,42.0681485,21.3365301
1000000224469841,ОУ Борис Кидрич,,,,,school,,,41.9798991,21.4389090
1000000224735413,Браќа Миладиновци,Виа Игнација,,,,library,yes,,42.0064775,21.3614728
1000000229233371,ОУ Тихомир Милошевски,,,,,school,,,42.0311313,21.3494164
1000000231156207,СЕТУ Михајло Пупин,,,,,school,,,42.0022755,21.4794205
1000000231952324,СУГС "Марија Кири Склодовска",Булевар 3та Македонска Бригада,,,,school,,,41.9788554,21.4642829
1000000234411277,Факултет за безбедност,,,,,university,,,41.9571005,21.5575977
1000000235777271,Основно музичко училиште „Методиј Патчев“,Никола Карев,Охрид,,,school,,,41.1117215,20.8097257
1000000235779165,Универзитет за Инфоматички Науки и Технологии „Св. Апостол Павле“,Партизанска,Охрид,,,university,,,41.1133075,20.8025818
1000000236563864,ООУ Свети Климент Охридски,,,,,school,,,41.2068933,20.6791879
1000000237820396,ОУ Страшо Пинџур,,,,,school,,,41.8745703,22.2935118
1000000238134067,Општинско средно училиште „Св. Климент Охридски“,Димитар Влахов,,http://gimnazijaohrid.edu.mk/,,school,,,41.1128346,20.8077376
1000000239570499,ОУ Гоце Делчев,,,,,school,,,41.0897148,21.0156862
1000000240348370,ПООУ "Гоце Делчев" - Света,,,,,school,no,,41.2655707,21.2751278
1000000241085461,Medrese,Браќа Миладинови,Tetovo,,,school,yes,,42.0061252,20.9663504
1000000241088117,Gjimnazi i Tetovës,,,,,school,,,42.0062148,20.9646283
1000000241088120,Гимназија „Кирил Пејчиновиќ“,,,,,,school,,42.0063358,20.9646992
1000000241504861,ОУ Никола Карев,,,,,school,,,41.9914581,22.1867808
1000000250960742,Max Van Der Stoel Institute,Ilindenska b.b.,Tetovo,,,,university,,41.9874461,20.9602847
1000000251609135,СОУ Ѓорче Петров,8-mi Oktomvri,Крива Паланка,,,school,yes,,42.2059434,22.3415370
1000000251609136,СОУ Ѓорче Петров,8-mi Oktomvri,Крива Паланка,,,school,yes,,42.2060719,22.3409621
1000000254488376,ОУ Рајко Жинзифов,,,,,school,,,41.9558300,21.4836519
1000000255896286,Pero Nakov,,,,,school,yes,,42.1330765,21.7266120
1000000264336813,O.U. Josip Broz Tito,,,,,school,yes,,41.6743563,20.5878299
1000000284468245,Градинка Буба Мара,,,,,school,,,41.9841537,21.4789100
1000000284497895,О.У. Гоце Делчев,Горно Лисиче,skopje,,,school,,,41.9698352,21.4870371
1000000284497938,Градинка „Сонце“,Ново планирана собирна улица,Cкoпje,,,,kindergarten,,41.9788858,21.4720035
1000000284497939,О.У. Александар Македонски,,,,,school,,,41.9793878,21.4710960
1000000284540688,Градинка Весели Цветови,Кресна,,,,school,,,41.9768450,21.4665127
1000000284540689,ООУ „Димитар Македонски“,Ѓуро Малешевац,Скопје,http://oudimitarmakedonski.edu.mk/mk/,+389 2 2440 011,school,,,41.9735867,21.4762560
1000000284663611,Градинка Срничка,,,,,kindergarten,,,41.9883172,21.4650783
1000000284663616,Градинка Весели Цветови,,,,,kindergarten,,,41.9849925,21.4622998
1000000284742232,Градинка Петар Пан,,,,,kindergarten,,,41.9874714,21.4535003
1000000284743279,ДСУ Димитар Влахов,,,,,school,,,41.9853253,21.4458968
1000000284928866,Градинка,,,,,kindergarten,,,41.9749694,21.4445351
1000000299665914,О.У. Гоце Делчев  с. Радиовце,,Radiovce,,,school,,,41.9065083,20.9641868
1000000299665915,О.У. Гоце Делчев  с. Радиoвце,,Radiovce,,,,school,,41.9065619,20.9643579
1000000299895483,О.У. „Гоце Делчев“- Теново,,Tenovo,,,school,,,41.8956090,20.9807875
1000000299895597,О.У. „Гоце Делчев“ - Теново,,Tenovo,,,,school,,41.8958301,20.9809260
1000000315559036,Детска градинка Пролет 2,Милан Марковиќ,Cкoпje,,,,kindergarten,,41.9928054,21.4030827
1000000326502003,ПООУ Манчу Матак,,,,,school,,,41.3923973,21.3252630
1000000326805560,ПООУ Манчу Матак,,,,,school,,,41.3639657,21.3195769
1000000332143048,УКЛО - Економски Факултет - Прилеп,Прилепски Бранители,,http://www.eccfp.uklo.edu.mk/,,,university,,41.3538313,21.5409874
1000000333863383,Борка Талески-Модерното,Кузман Јосифоски-Питу,Прилеп,,,library,yes,,41.3455025,21.5504038
1000000358213045,Детска градинка Пролет,,,,,kindergarten,,,41.9954910,21.3958946
1000000362621227,Shkolla Fillore Bajram Shabani,,,,,school,,,42.1339413,21.7137695
1000000363211985,ОУ Гоце Делчев,,,,,school,,,41.7403638,22.2000104
1000000365480226,ОУ Ванчо Прќе,Street 13,,,,school,,,41.9670060,22.8026976
1000000365616019,СОУ М.М. Брицо,бул. Методи Митевски Брицо,Делчево,,,school,,,41.9673740,22.7786663
1000000365616020,СВ. Климент Охридски,бул. Методи Митевски Брицо,Делчево,,,school,,,41.9662871,22.7782730
1000000365616021,ОУ. Ванчо Прќе,Н. Ј. Вапцаров,Делчево,,,school,,,41.9676388,22.7741287
1000000365770942,Весели Цветови (детска градинка),Светозар Марковски,Делчево,,,kindergarten,,,41.9686692,22.7729098
1000000365926563,ОУ Ванчо Прќе,A3,Dzvegor,,,,school,,41.9669801,22.8027539
1000000366443275,ОУ “Ванчо Прќе“,Н. Ј. Вапцаров,Делчево,,,,school,,41.9677254,22.7738872
1000000366444245,Весели Цветови (детска градинка),Светозар Марковски,Делчево,,,,kindergarten,,41.9686842,22.7728294
1000000366446038,ОУ. Св. Климент Охридски,бул. Методи Митевски Брицо,Делчево,,,,school,,41.9663191,22.7780548
1000000366459362,СОУ М.М. Брицо,бул. Методи Митевски Брицо,Делчево,,,,school,,41.9674612,22.7781263
1000000366654847,DTU The Faculty of Art,Љуботенска,,,,,university,,41.9949025,20.9492599
1000000375121053,ПООУ Страшо Пинџур,,,,,school,,,41.3451379,22.4400646
1000000375374252,Др. Златан Сремец,,,,,school,,,41.9848465,21.4366391
1000000378122457,ОУГС Битолски Конгрес,,,,,school,,,42.0018460,21.4439235
1000000378291427,ОУ „Аврам Писевски“,,,,,school,,,42.0261333,21.3832835
1000000379367907,Димче Мирчев,,,,,kindergarten,,,41.7162497,21.7682216
1000000379561907,ОУ Димитар Поп Георгиев - Беровски,,,,,school,,,42.0039542,21.3705171
1000000404972785,ПООУ Крсте Мисирков,,,,,school,,,40.9217966,21.4565176
1000000405710453,ДГ Весели Цветови,,,,,kindergarten,,,41.1395657,22.5121237
1000000406048965,Научен институт за тутун - Прилеп,,,http://www.tip.edu.mk/,,university,,,41.3693879,21.5145619
1000000407204255,ПООУ Страхил Пинџуров - Страшо Пинџур,,,,,school,,,41.3074365,21.4591200
1000000407211026,ПООУ Круме Волнароски-Коља,,,,,school,,,41.3042551,21.4783497
1000000407215065,ПООУ Круме Волнароски-Коља,,,,,school,,,41.2969372,21.4969163
1000000407544555,ООУ Ѓорѓија Кастриот,,,,,school,,,42.0238679,21.5602465
1000000410772424,Мајски цвет,,,,,kindergarten,,,42.0006596,21.3967735
1000000412315745,ООУ Крсте Мисирков,,,,,school,,,40.9523532,21.3595993
1000000412643699,ПООУ Пецо Крстески-Даскалот,,,,,school,,,41.4127235,21.3989089
1000000412801866,ПООУ Пецо Крстески-Даскалот,,,,,school,,,41.4024174,21.4340677
1000000412941228,ПООУ Климент Охридски,,,,,school,,,41.3862420,21.4980660
1000000412979391,ПООУ Страхил Пинџуров - Страшо Пинџур,,,,,school,,,41.3434562,21.4413014
1000000414243515,ООУ Круме Волнароски-Коља,,,,+38948480103,school,,,41.2257354,21.4319154
1000000416906714,Искра,,,,,school,,,41.7314139,22.1750642
1000000424984647,Студентски прашања,,,,,,university,,42.0029297,21.4587629
1000000424985421,Факултетска библиотека и компјутерница,,,,,library,yes,,42.0029542,21.4587078
1000000424986080,Лабораторија за Патологија и Сметководство,,,,,,university,,42.0031821,21.4587963
1000000428474145,Томе Стефановски - Сениќ,Булевар Александар Македонски,,,,,dormitory,,42.0018403,21.4721954
1000000431358734,ПООУ Круме Волнароски-Коља,,,,,school,,,41.2595809,21.5711074
1000000433012216,Браќа Миладиновци,,,,,school,,,41.1416753,21.4332710
1000000435650417,ООУ Јонче Смугрески,,,,,school,,,41.2784558,21.3646052
1000000435650419,Старо ООУ,,,,,,school,,41.2779551,21.3651082
1000000435650627,Ново ООУ,,,,,,school,,41.2786553,21.3642291
1000000438259139,Музичко училиште „Тоше Проески“,Бул. 1-ви Мај,Битола,,,school,,,41.0314189,21.3299719
1000000439111146,Гимазија „Славчо Стојменски“ - Штип,,,,,school,,,41.7360983,22.1922463
1000000439112791,ОУ Ванчо Прќе,,,,,,school,,41.7360923,22.1934213
1000000440567705,Манчу Матак,,,,,school,,,41.3315928,21.3904339
1000000444745807,Турско Школо,,,,,,school,,41.7371725,22.1959235
1000000444745814,Библиотека “Гоце Делчев“,,,,,library,yes,,41.7358729,22.1946584
1000000444748301,СТУ Димитар Мирасчиев,,,,,,school,,41.7363607,22.1949212
1000000444879472,ОУ Тошо Арсов,,,,,,school,,41.7495868,22.1918309
1000000444879490,ОУ Димитар Влахов,,,,,,school,,41.7504364,22.2027954
1000000444884442,Кампус 4,,,http://www.ugd.edu.mk/index.php/,,university,,,41.7367383,22.2034127
1000000444884443,Економски факултет,,,http://ef.ugd.edu.mk/index.php/mk/,,,university,,41.7366657,22.2033840
1000000445153499,Факултет за Медицински Науки - Деканат,,,https://www.ugd.edu.mk/,,university,,,41.7338389,22.1991075
1000000445929012,ДМУЦ „Сергеј Михајлов",,,,,,school,,41.7382299,22.1911101
1000000445970187,Кампус 2,,,http://www.ugd.edu.mk/index.php/,,university,,,41.7465031,22.1835390
1000000445970197,Градинка Астибо,,,,,,kindergarten,,41.7450793,22.1882511
1000000446057610,СОУ „Коле Нехтенин“,,,,,school,,,41.7477459,22.1824148
1000000446067014,Кампус 4,,,http://www.ugd.edu.mk/index.php/,,university,,,41.7598777,22.1659847
1000000446112058,Кампус 1,,,http://www.ugd.edu.mk/index.php/,,university,,,41.7369521,22.1911505
1000000446112495,СОУ Јане Сандански - Штип,,,,,school,,,41.7314322,22.1996241
1000000446113895,Факултет за Медицински Науки,,,,,,university,,41.7362962,22.1951343
1000000453039671,Братство Миѓени,,,,,school,,,41.9817422,21.0410969
1000000459340458,Факултет за дизајн и технологии на мебел и ентериер,16 Македонска Бригада,Cкoпje,http://www.fdtme.ukim.edu.mk,,university,public,,42.0025342,21.4579685
1000000459340459,Лабораторија за тестирање мебел - ФДТМЕ,16 Македонска Бригада,Cкoпje,,+389(2)6154666,university,yes,,42.0024672,21.4591177
1000000467467878,Фидани,,,,,,kindergarten,,42.0188205,21.4410749
1000000474880311,градинка Фидани,Цветан Димов,Cкoпje,,,kindergarten,,,42.0067136,21.4416971
1000000475240711,Градинка Срничка,Булевар Јане Сандански,Cкoпje,,,,kindergarten,,41.9882288,21.4650196
1000000475240712,Градинка Срничка,Булевар Јане Сандански,Cкoпje,,,,kindergarten,,41.9885070,21.4653826
1000000475240713,Градинка Срничка,Булевар Јане Сандански,Cкoпje,,,,kindergarten,,41.9884047,21.4652474
1000000475240714,Градинка Срничка,Булевар Јане Сандански,Cкoпje,,,,kindergarten,,41.9884175,21.4649922
1000000476221909,Поранешен ФОН,,,,,university,,,42.0045869,21.4888751
1000000477325820,Интернационално Школо,,,,,school,yes,,42.0006861,21.4221375
1000000477330202,Кукушка,,,,,kindergarten,yes,,42.0020022,21.4269739
1000000478124628,ООУ Димитар Влахов,,,,,school,,,41.7506585,22.2026121
1000000478124639,Градинка "Сончогледи",,,,,,kindergarten,,41.7506997,22.2006981
1000000479805694,ССОУ Моша Пијаде,,,,,,school,,41.9915950,20.9620358
1000000487169697,ПООУ Гоце Делчев,,,,,school,,,41.3804988,21.8078733
1000000489593261,Градинка Весели Цветови,Булевар Јане Сандански,Cкoпje,,,,kindergarten,,41.9851351,21.4620773
1000000489593262,Градинка Весели Цветови,Булевар Јане Сандански,Cкoпje,,,,kindergarten,,41.9848935,21.4622718
1000000489901372,ООУ Страхил Пинџуров - Страшо Пинџур,,,https://oustrasopindzur.wordpress.com/,+38948483418,school,,,41.3374455,21.4627575
1000000495043125,ПООУ Круме Волнароски-Коља,,,,,school,,,41.2949534,21.5357672
1000000495421277,ОУ Дервиш Цара,,,,,school,,,41.9765148,20.9389927
1000000505215521,Woodrow Wilson High School,,,,,school,,,41.9778213,20.9709518
1000000507592933,Крсте Мисирков (Браќа Миладиновци,,,,,school,yes,,42.1291649,21.7164504
1000000508244834,Bajram Shabani,,,,,,school,,42.1339350,21.7137383
1000000508255444,ЕМУЦ - Наце Буѓони,,,,,school,,,42.1291086,21.7170495
1000000518119753,ОУ Крсте Мисирков,Сречко Пужаљка,Скопје,,+389 2 322 6655,school,,,42.0103646,21.5047664
1000000533806913,QSI International School of Skopje,,,,,school,,,42.0019154,21.3819861
1000000539928422,Orce Nikolov,,,,,kindergarten,,,42.0028467,21.4086534
1000000547154574,Распеана Младост,Руѓер Бошковиќ,Cкoпje,,,kindergarten,,,42.0035701,21.4132124
1000000548212321,СУГС Никола Карев,,,,,school,,,42.0044059,21.4002679
1000000551494945,8 Март,,,,,kindergarten,,,41.9402947,21.5118672
1000000552662687,Борис Трајковски,,,,,,school,,41.4240510,22.7670622
1000000562463292,ПООУ Круме Волнароски-Коља,,,,,school,,,41.2638784,21.4334031
1000000569601147,Основно училиште „Братство Единство“,,,,,school,,,41.1188766,20.8049943
1000000572328189,ОУ "Перпарими",,,,,school,,,41.9896253,20.9452182
1000000572339608,ОСМУ Никола Штејн,Илинденска,,http://nstejn.edu.mk,38944339110,school,,,41.9930705,20.9610784
1000000572339618,Државен Универзитет Тетово,,,,,university,,,41.9931370,20.9623640
1000000577146046,Петар Поп Арсов,,,,,school,,,42.0063887,21.3878232
1000000579386164,ООУ Браќа Миладиновци,Јово Стефаноски - Риле,Струга,,,school,,,41.1750078,20.6846372
1000000579386165,ДГ Сонце,,,,,kindergarten,,,41.1746780,20.6883362
1000000579708241,ООУ Јосип Броз - Тито,,,,,school,,,41.1751284,20.6691117
1000000579816161,ДГ Пеперутка,,,,,kindergarten,,,41.1742984,20.6690686
1000000585118824,Тошо Велков Пепето,,,,,school,,,41.4374831,22.0167919
1000000588687226,Институт за Сточарство,Булевар Илинден,,,,university,,,42.0087773,21.4130242
1000000612628053,ОУ Мирче Ацев,,,,,school,,,42.0081353,21.3508135
1000000620649954,ПООУ Стале Попов,,,,,school,,,41.2917288,21.6284705
1000000627602876,Колибри,Цане Бујуковски,Битола,,,,kindergarten,,41.0454095,21.3445957
1000000627602877,ДГ Естреја Овадија - Мара,,,,,kindergarten,,,41.0453777,21.3446097
1000000677621260,Shkolla tete vjecare RILINDJE e fsh. Llojane,,,,,,school,,42.2156933,21.6659271
1000000678119469,Земјоделски факултет,,,,,,university,,41.7462947,22.1840913
1000000678119470,Машински факултет,,,,,,university,,41.7465925,22.1841572
1000000678119471,Електротехнички факултет,,,,,,university,,41.7464597,22.1839232
1000000678119472,Технолошко-технички факултет,,,,,,university,,41.7462592,22.1837924
1000000678119473,Факултет за информатика,,,,,,university,,41.7461965,22.1835056
1000000678119474,Факултет за природни и технички науки,,,,,,university,,41.7460744,22.1836326
1000000678119475,Правен факултет,,,,,,university,,41.7602833,22.1653209
1000000678119476,Филолошки факултет,,,,,,university,,41.7600833,22.1655961
1000000678119477,Факултет за образовни науки,,,,,,university,,41.7599093,22.1658264
1000000678119478,Факултет за туризам и бизнис логистика,,,,,,university,,41.7597211,22.1660979
1000000678119479,Ректорат,,,https://www.ugd.edu.mk/,,university,,,41.7362137,22.1822087
1000000678119480,Ликовна академија,,,http://la.ugd.edu.mk/index.php/mk/,,,university,,41.7369647,22.1909730
1000000678119481,Музичка академија,,,http://ma.ugd.edu.mk/index.php/mk/,,,university,,41.7370232,22.1912714
1000000678119483,Филмска академија,,,,,,university,,41.7371851,22.1911017
1000000678121136,Кампус 3,,,https://www.ugd.edu.mk/,,university,,,41.7364225,22.1947887
1000000704024154,Градинка "Виножито",,,,,,kindergarten,,41.7524449,22.1968914
1000000707017724,Shkolla Emin Duraku,,,http://eminduraku.edu.mk/,,school,,,41.9734360,21.2378011
1000000728854357,Јахја Кемал основно и средно училиште,Варшавска,Cкoпje,https://www.ykc.edu.mk/,+389 72 229 030,,school,,42.0007654,21.3925025
1000000770390209,ООУ Христо Узунов,Гоце Делчев,Другово,,,school,,,41.4836210,20.9223387
1000000781153477,Ристо Шуклев,,,,,,school,,41.1830841,22.4805527
1000000794525646,Основно Училиште Гоце Дечев,,,,,,school,,41.8831216,22.5122418
1000000810051427,Економски факултет - Прилеп,Прилепски Бранители,Прилеп,http://www.eccfp.uklo.edu.mk/,,university,,,41.3539070,21.5409813
1000000816784590,ООУ Пере Тошев,Пере Тошев,Росоман,,,,school,,41.5162603,21.9444266
1000000816784591,ООУ Пере Тошев,,,,,school,,,41.5165734,21.9443784
1000000818925856,ООУ Кузман Јосифоски-Питу,,,,,school,,,41.5088509,20.9557622
1000000818926644,Градинка Олга Мицеска,,,,,kindergarten,,,41.5100513,20.9546238
1000000828216346,ООУ Др Владимир Полежиноски-Полежина,,,,,school,,,41.5041768,20.9600529
1000000828220333,О.У Санде Штерјоски,,,,,school,,,41.5189267,20.9575729
1000000839007631,ООУ „Гоце Делчев“,Цветан Димов,Свети Николе,,,,school,,41.8665686,21.9411694
1000000839038739,Детска градинка „Рахилка Гонева“,Кочо Рацин,Свети Николе,,,kindergarten,,,41.8648034,21.9350581
1000000839150798,СОУ „Кочо Рацин“,Кочо Рацин,Свети Николе,,,school,,,41.8655291,21.9385917
1000000839153503,ООУ „Кирил и Методиј“,Ангел Трајчев,Свети Николе,,,school,,,41.8639141,21.9373393
1000000839736611,Средно стручно училиште „Кочо Рацин“,,,,,school,,,41.8627383,21.9490153
1000000844322211,Kiril Pejchinovik,,,,,school,,,41.9781468,21.4443324
1000000849354284,СОУ „Јосиф Јосифовски“,Македонија,Гевгелија,,,,school,,41.1423451,22.5047128
1000000851121702,Детска градинка Павлина Вељанова клон 1,9ти Мај,Кочани,,,kindergarten,,,41.9142804,22.4148566
1000000851849172,Детска Градинка Павлина Вељанова клон 4,,,,,kindergarten,,,41.9233836,22.4097767
1000000859029872,ООУ Рампо Левков-Левката,Цар Самоил,Прилеп,,+38948422377,school,,,41.3377561,21.5540674
1000000860988445,ООУ Ѓорѓи Делчев-Гоце,Мечкин Камен,Прилеп,https://oougocedelcev.edu.mk/,,school,,,41.3430617,21.5678225
1000000861170117,ПООУ Блаже Конески,,,,,school,,,41.3570743,21.5357858
1000000863286271,Градска библиотека Искра,Маршал Тито,Кочани,,,library,yes,,41.9194025,22.4099433
1000000878963520,ПООУ Круме Волнароски-Коља,,,,,school,,,41.2374164,21.4062116
1000000878965708,ПООУ Гоце Делчев,,,,,school,,,41.3676703,21.6530743
1000000879448314,ООУ „Димитар Македонски“,Ѓуро Малешевац,Скопје,,,,school,,41.9736430,21.4762493
1000000881656377,ПООУ Круме Волнароски-Коља,,,,,school,,,41.2593031,21.4824365
1000000890966161,Наум Наумоски-Борче,Коча Миленку,Крушево,,+38948477101,library,yes,,41.3669471,21.2488977
1000000890973667,ПООУ Кирил и Методиј,,,,+38948456217,school,,,41.2159241,21.4860525
1000000893146894,ПООУ Круме Волнароски-Коља,,,,,school,,,41.2818867,21.5687654
1000000893149557,ПООУ Круме Волнароски-Коља,,,,,school,,,41.2485529,21.3953509
1000000893155848,ПООУ Стале Попов,,,,,school,,,41.1632546,21.6864288
1000000893162091,ПООУ Гоце Делчев,,,,,school,,,41.3724220,21.7406832
1000000898156167,ПООУ Круме Волнароски-Коља,,,,,school,,,41.3105802,21.5140705
1000000899133476,ПООУ Стале Попов,,,,,school,,,41.2799488,21.6706316
1000000899134885,Гимназија "Јосип Броз Тито",Димитрије Чуповски,Cкoпje,https://josipbroztito.edu.mk/,+389 2 3214 314,school,,,41.9944666,21.4261921
1000000899182418,ПООУ Стале Попов,,,,,school,,,41.1473981,21.8238967
1000000899195540,ПООУ Рампо Левков-Левката,,,,,school,,,41.3259156,21.5767984
1000000899449838,ПООУ Кирил и Методиј,,,,+38948456217,school,,,41.1795491,21.5962861
1000000899453104,ПООУ Кирил и Методиј,,,,+38948456217,school,,,41.2311074,21.5473355
1000000899463572,ПООУ Круме Волнароски-Коља,,,,,school,,,41.3020000,21.5674936
1000000899468318,ПООУ Стале Попов,,,,,school,,,41.1669231,21.7278120
1000000899479867,ПООУ Стале Попов,,,,,school,,,41.2057657,21.6535331
1000000899622223,ПООУ Стале Попов,,,,,school,,,41.1387344,21.7828243
1000000899627680,ПООУ Кирил и Методиј,,,,+38948456217,school,,,41.2307002,21.5992318
1000000899641936,ООУ Стале Попов,,,,,school,,,41.1771977,21.8262466
1000000899650412,ДГ Наша Иднина,,,,,kindergarten,,,41.3429126,21.4418925
1000000899655606,ПООУ Стале Попов,,,,,school,,,41.2587279,21.6912293
1000000899660530,ООУ Кирил и Методиј,,,,+38948456217,school,,,41.2128944,21.4985383
1000000899660532,ПООУ Кирил и Методиј,,,,+38948456217,school,,,41.2002622,21.5670311
1000000899882844,ПООУ Стале Попов,,,,,school,,,41.2553339,21.6457695
1000000899882852,ПООУ Круме Волнароски-Коља,,,,,school,,,41.2033999,21.4616361
1000000899882864,ПООУ,,,,,school,,,41.4028722,21.6702258
1000000905876264,Наце Николоски,,,,,school,,,41.3660832,20.6487481
1000000914465149,ОМУ Ордан Михајлоски-Оцка,,,https://muzickoprilep.edu.mk/,+38948415715,school,,,41.3435827,21.5539974
1000000914466874,ООУ Блаже Конески,,,https://oublazekoneski.edu.mk/,,school,,,41.3512882,21.5370635
1000000915203317,ООУ Добре Јованоски,,,https://ooudobrejovanoski.edu.mk/,,school,,,41.3530966,21.5521950
1000000915205457,ООУ Кире Гаврилоски-Јане,,,http://ooukgjane.edu.mk/,,school,,,41.3476567,21.5609710
1000000915207488,ООУ Климент Охридски,Архиепископ Доситеј,Прилеп,https://ooukohridski.wordpress.com/,,school,,,41.3458971,21.5481513
1000000918943444,ООУ Коста Солев-Кочо Рацин,Борка Талески-Модерното,Прилеп,http://ooukocoracinprilep.edu.mk/,+38948425772,school,,,41.3437266,21.5545780
1000000918954697,ДСД Јордан Чопела-Кулак,Пере Тошев,Прилеп,,+38948414523,,dormitory,,41.3527624,21.5428258
1000000919665113,Правен Факултет - Кичево,Партизанска,Bitola,https://pfk.uklo.edu.mk/,+389047221115,university,,,41.0221417,21.3310960
1000000919666358,ДГ Наша Иднина,Бидимаж,Прилеп,,+38948417760,kindergarten,,,41.3421450,21.5450546
1000000919666936,ДГ Наша Иднина,Кузман Јосифоски-Питу,Прилеп,,+38948417760,kindergarten,,,41.3490258,21.5454998
1000000919667141,ДГ Наша Иднина,,,,+38948417760,kindergarten,,,41.3525126,21.5526807
1000000919667238,ДГ Наша Иднина,Радовишка,Прилеп,,+38948417760,kindergarten,,,41.3438932,21.5687673
1000000922175325,ООУ  Киро Глигоров'',Aдам Мицкиевиќ,Cкoпje,http://www.ooukirogligorov.edu.mk/,+38926142744,school,,,41.9925398,21.4143237
1000000925913817,Факултет за биотехнички науки - Битола,Партизанска,Битола,http://www.fbn.uklo.edu.mk/,,university,,,41.0231450,21.3261203
1000000929187741,ПООУ Ѓорче Петров,,,,,school,,,41.4610251,21.3990754
1000000944629992,Гоце Делчев,Градски зид,Скопје,https://gocedelcev.edu.mk,+389 (02) 3129062,school,,,41.9926194,21.4280379
1000000957920007,ПООУ Исмаил Ќемали,,,,,school,,,41.5272481,21.4134381
1000000977448202,Невена Георгиева Дуња,,,,,,school,,41.9802628,21.4451464
1000000989817719,South East European University,,Cкoпje,https://www.seeu.edu.mk/,,university,yes,,41.9991337,21.4353055
1000000990060751,Технички факултет - Битола,Македонска Фаланга,Bitola,http://www.tfb.edu.mk/,,university,,,41.0209050,21.3413451
1000000990060752,ДУД Мирка Гинова,Македонска Фаланга,Bitola,http://mirkaginova.mk,+38947237548,,dormitory,,41.0218478,21.3411489
1000000991234632,ПООУ Коста Солев-Кочо Рацин,,Прилеп,http://ooukocoracinprilep.edu.mk/,,school,,,41.3402863,21.5607907
1000000991661503,Факултет за информатички и комуникациски технологии - Битола,Партизанска,Битола,https://fikt.edu.mk/,,university,,,41.0221474,21.3256333
1000000991662298,Висока медицинска школа - Битола,,,http://vmsb.uklo.edu.mk/,+38947253268,university,,,41.0230063,21.3189164
1000000991666686,Педагошки факултет - Битола,,,https://www.pfbt.uklo.edu.mk/,,university,,,41.0322459,21.3148170
1000000992188591,ПООУ Тодор Ангелевски-Тошо Даскало,,,,,school,,,41.0551674,21.3414535
1000000992188593,ООУ Тодор Ангелевски-Тошо Даскалот,Илинденска,Битола,http://todorangelevski.blogspot.com/,+38947622337,school,,,41.0370877,21.3387127
1000000992188601,ООУ Никола Тодоровски-Коле Канински,,,,,school,,,41.0258575,21.3437856
1000000992188604,ООУ Св. Кирил и Методиј,1. Мај,Битола,https://oukimbt.webs.com/,+38947237222,school,,,41.0308289,21.3389734
1000000992188613,ООУ Св. Климент Охридски,Димче Лахчански,Битола,http://ousvklimentohridskibt.weebly.com/,+38947255737,school,,,41.0240314,21.3090538
1000000992188617,ООУ Ѓорѓи Сугарев-Волкан,Димитар Влахов,Битола,https://gorgisugarev.wordpress.com/,,school,,,41.0341489,21.3336941
1000000992188623,ООУ Ѓорѓи Делчев-Гоце,Виенска,Битола,https://btgocedelcev.wordpress.com/,,school,,,41.0284842,21.3338456
1000000992188627,ООУ Стефан Наумов-Стив,,,http://oustivnaumovbt.edu.mk/,+38947223364,school,,,41.0275757,21.3263744
1000000992188629,ООУ Др Трифун Пановски,Охридска,Битола,https://trifunpanovskibitola.wordpress.com/,,school,,,41.0310581,21.3272882
1000000992188637,ООУ Елпида Караманди,Младински Бригади,Битола,https://www.elpidakaramandi.edu.mk/,,school,,,41.0313682,21.3126979
1000000992609751,University of Goce Delcev,,,,,university,,,41.4422846,22.6648795
1000001002974675,Sv. Kliment Ohridski,,,,,school,,,41.1211009,20.7792765
1000001009691552,International Primary School,Скупи,Cкoпje,https://ips.mk,+38923073700,school,school,,42.0139770,21.4033718
1000001044716329,ПООУ Пецо Крстески-Даскалот,,,,,school,,,41.3936621,21.3724460
1000001047511357,ПООУ Исмаил Ќемали,,,,,school,,,41.5548757,21.4286405
1000001047603395,ООУ Вера Циривири-Трена,,,,,school,,,41.4775057,21.3140552
1000001047603415,ПООУ Пере Тошев,,,,,school,,,41.4638916,21.4880816
1000001047622468,ООУ Пецо Крстески-Даскалот,,,,,school,,,41.4259226,21.4533306
1000001047622477,ПООУ Пере Тошев,,,,,school,,,41.4681818,21.5440715
1000001047622483,ПООУ Пере Тошев,,,,,school,,,41.4407687,21.5193829
1000001054082248,ООУ Слобода,,,,,school,,,41.4209069,21.2791101
1000001054098592,ПООУ Пецо Крстески-Даскалот,,,,,school,,,41.3817058,21.4151900
1000001054257654,ПООУ Петре Глигуровски,,,,,school,,,41.4977507,21.4069541
1000001054257661,ПООУ Мирче Ацев-Стојче,,,,,school,,,41.4684953,21.2886718
1000001054290171,ООУ Мирче Ацев-Стојче,,,,,school,,,41.4461169,21.3195713
1000001054395727,ПООУ Слобода,,,,,school,,,41.3980340,21.3073324
1000001054395744,ПООУ Пере Тошев,,,,,school,,,41.4485276,21.5608702
1000001055341011,ООУ Ѓорче Петров,,,,,school,,,41.4517918,21.3763142
1000001055731611,ПООУ Ѓорче Петров,,,,,school,,,41.4747192,21.4167164
1000001055765337,ПООУ Пецо Крстески-Даскалот,,,,,school,,,41.4137456,21.4692424
1000001056108808,ПООУ Петре Глигуровски,,,,,school,,,41.5006739,21.4513317
1000001056280412,ООУ Никола Карев,Шула Мина,Крушево,http://oounikolakarevkrusevo.edu.mk,,school,,,41.3689115,21.2503188
1000001080943202,ОУ„Браќа Миладиновци“,,,,,school,,,41.0410107,21.0045919
1000001083221697,Parku i Shkolles,,,,,school,,,41.8782848,20.8873111
1000001083221699,Shkolla Fillore "Naim Frasheri" dhe Shkolla e Mesme Komunale,,,,,,school,,41.8782200,20.8878601
1000001083221708,Shkolla Fetare,,,,,school,,,41.8789798,20.8824661
1000001083437726,Shkolla Fillore e Kalishtit,,,,,school,,,41.8804144,20.8636948
1000001083507078,Shkolla Fillore e Gjurgjevishtit,,,,,school,,,41.8958487,20.8622324
1000001085592563,Shkolla Fillore Senakos,,,,,,school,,41.8825626,20.8916658
1000001085592569,Shkolla Fetare Senakos,,,,,,school,,41.8816660,20.8905933
1000001102745540,Elementary School Magdalena Antova,,,,,,school,,42.1538090,21.7356606
2000000002434814,ОУ Глигор Прличев,,,,,school,,,42.0145635,21.4588205
2000000003030761,О.У Санде Штерјоски,,,,,school,school,,41.5189156,20.9575141
2000000005360061,Сули-ан - Факултет за ликовна уметност,,Cкoпje,,,university,yes,,42.0016700,21.4377751
2000000006526460,О.У. Прпарими,,,,,,school,,41.8305873,20.9663036
2000000007831823,Факултет за електротехника и информациски технологии,,Cкoпje,,,,university,,42.0049790,21.4083431
2000000007845991,Технолошко-металуршкиот факултет,,Cкoпje,,,,university,,42.0047322,21.4100719
2000000009069583,ОУГС Љубен Лапе,,Cкoпje,,,school,yes,,41.9843491,21.4603752
2000000009789012,О.У. Блаже Конески,,,,,school,,,41.7163947,21.7751401
2000000013938623,О.У. Марко Цепенков,,,,,,school,,41.8730459,21.6006220
