Dimkata Angelov - Gaberot,Кавадарци,Braka Hadzi-Tefovi,school,,,41.432059,22.014088
Библиотека Феткин,Кавадарци,7ми Септември,library,,,41.434008,22.012436
Факултет за туризам и угостителство,Охрид,Партизанска,university,,,41.107898,20.808735
Григор Прличев,Охрид,Булевар Туристичка,school,,,41.113810,20.805933
Централна детска градинка,Охрид,Димитар Влахов,school,,,41.113318,20.805710
Gradska Biblioteka,Крива Паланка,Свети Јоаким Осоговски,library,,,42.205572,22.336156
Партизан,Крива Паланка,Свети Јоаким Осоговски,school,,,42.205746,22.335627
Бели Мурги,Скопје,Ацо Караманов,school,,,41.988065,21.415838
ООУ „Дедо Илјо Малешевски“,Берово,Маршал Тито,school,,,41.708357,22.855730
Детска градинка „23 Август“,Берово,Задарска,kindergarten,,,41.705980,22.853800
ЦСО Нико Нестор,Струга,Пролетерски Бригади,school,,,41.182665,20.675503
ОСЕУ '8-ми Септември',Тетово,Љубо Момировски,school,,,42.010132,20.980065
ООУ „Свети Климент Охридски“ - Бутел,Скопје,Рамно,school,,https://www.facebook.com/klimentohridskibutel,42.040188,21.445394
Музичко-балетско училиште „Илија Николовски - Луј“,Скопје,Плоштад 'Карпошово Востание',school,,,41.998364,21.435562
Партенија Зографски,Скопје,Дичо Петров,school,,,41.982566,21.436302
O.U Goce Delcev,Ресен,29. Ноември,school,,,41.089729,21.016279
о.у. 'Гоце Делчев',Илинден,Улица 9,school,,,41.993054,21.581798
Gafurr Luma,Qafëshqipja,Osman Luma,school,,,42.166797,21.188230
Hristo Uzunov,Охрид,Марко Нестороски,school,,,41.119675,20.811735
Skolata Smojmirovo,Смојмирово,R1302,school,,,41.735554,22.844057
Славчо Стоименски,Виница,Бел Камен,school,,,41.883551,22.503900
Гоце Длчев,Виница,Бел Камен,kindergarten,,,41.884110,22.505424
City Library,Виница,Ангел Винички,library,,,41.884070,22.504737
Градинка Мирче Ацев,Скопје,Арсо Мицков,kindergarten,,,42.018371,21.355867
Игротека Робин Худ,Скопје,Дичо Петров,kindergarten,,,41.982494,21.435779
Дом за Слепи,Скопје,Георги Димитров,school,,,41.975769,21.441196
ОУ Кочо Рацин Охрид,Охрид,Радојица Новичиќ,school,,,41.135855,20.810268
Gradinka Mirce Acev,Скопје,Никола Пушкаров,kindergarten,,,42.006901,21.350879
ОУ Александар Урдаревски,Мирковци,R2239,school,,,42.094130,21.397452
ИТ Академија Александрија,Скопје,Атинска,school,,,41.996752,21.407309
Основно Училиште Видое Подгорец,Колешино,R1402,school,,,41.381688,22.816403
Комерцијална Банка,Скопје,"Плоштад ""Карпошово Востание""",university,,,41.997309,21.435133
DSU Kosta Susinov,Радовиш,Кеј 8ми Септември,school,,,41.636340,22.467267
OU Krste Petkov Misirkov,Радовиш,Булевар Александар Македонски,school,,,41.635426,22.468426
ОМУ Ристо Јуруков,Кочани,Кузман Јосифовски Питу,school,,,41.918556,22.413470
оу Коле Канински,Битола,Паца Мирчева,school,,,41.004539,21.346450
"ОУ ""Ванчо Китанов""",Пехчево,Даме Груев,school,,,41.762443,22.883506
"Детска градинка ""7-ми Септември""",Пехчево,Даме Груев,kindergarten,,,41.762945,22.882911
"Детска Градинка ""Росица""",Охрид,Пере Тошев,kindergarten,,,41.119536,20.793818
Маршал Тито,Струмица,Пиринска,school,,,41.433582,22.636278
Народна гимназија Јане Сандански,Струмица,Моша Пијаде,school,,,41.439891,22.637254
Основно училиште Сандо Масев,Струмица,Моша Пијаде,school,,,41.440341,22.636285
Видое Подгорец,Струмица,1ви Мај,school,,,41.436880,22.640822
Никола Вапцаров,Струмица,Максим Горки,school,,,41.429545,22.648860
СОУ Димитар Влахов,Струмица,Панче Пешев,school,,,41.439244,22.646628
Државен архив на Северна Македонија,Скопје,Кеј Димитар Влахов,library,,,41.996819,21.434349
ОУ Димката Ангелов Габерот - Ваташа,Кавадарци,Страшо Пинџур,school,,,41.419786,22.017681
Снежана,Кавадарци,4 Мај,kindergarten,,,41.425257,22.014393
ПОУ Илинден,Конопница,Пролетерска,school,,,42.182305,22.292853
ОУ Илинден,Крива Паланка,Др. Наско Тамбурков,school,,,42.196776,22.324237
ПОУ Илинден,Мождивњак,A2,school,,,42.176293,22.249601
Григор Прличев,Охрид,Кеј Македонија,library,,,41.112655,20.800640
Детска градинка,Новаци,Новаци,kindergarten,,,41.042296,21.456070
Petta Privatna Gimnazija,Скопје,Индустриска,school,,,41.993208,21.473723
Правен Факултет Св. Климент Охридски,Кичево,Александар Македонски,university,,,41.510963,20.959500
Elektro-tehnicki fakultet,Радовиш,Партизанска,university,,,41.637326,22.461869
Nikola Karev,Радовиш,Кеј 8ми Септември,school,,,41.640340,22.463039
Климент Охридски,Охрид,Трајче Трајчески,school,,,41.121098,20.779181
Дон на културата Н. Ј. Вапцаров,Делчево,Н. Ј. Вапцаров,library,,,41.966388,22.772984
ОУ Ванчо Прќе,Ѕвегор,A3,school,,,41.966983,22.802771
Комплекс Медицински Институти,Скопје,50-та дивизија,university,,,41.989862,21.424624
Германска читалница,Скопје,Булевар Гоце Делчев,library,,,41.998131,21.439367
Американско катче Македонија,Скопје,Булевар Гоце Делчев,library,+389 2 3120020,https://www.acmacedonia.org/,41.998057,21.439782
Ванчо Прке,Виница,Кочо Рацин,school,+38933361903,http://souvancoprke.gov.mk/,41.886891,22.506617
Кочо Рацин,Скопје,Козара,kindergarten,,,41.991678,21.418962
"SH.F "" 25 Maji """,Скопје,Хритифор Жефаровиќ,school,,,42.012677,21.510493
Градинка Ресен Gradinka,Ресен,Никола Неделковски-Коле,school,,,41.087254,21.012492
ДСУ  Никола Карев,Скопје,Никола Русински,school,,,42.004188,21.401199
Едукативен центар СОНЦЕ,Скопје,Булевар Јане Сандански,school,,,41.986612,21.467076
ASM,Скопје,Никола Парапунов,school,,,42.006974,21.383168
shkolla e mesme teologjike,Гостивар,ul. 18-ti noemvri,school,,,41.799428,20.899931
Osnovno uciliste Sabedin Bajrami,Камењане,R1206,school,,,41.941539,20.927028
Osnovno uciliste Sabedin Bajrami,Камењане,R1206,school,,,41.944283,20.926148
Абдил Фрашери,Боговиње,102,school,,,41.923304,20.916449
ОУ Кирил Пејчиновиќ,Теарце,R1203,school,,,42.076188,21.052348
ОУ Кирил и Медодиј,Стајковци,Улица 6,school,,,42.027953,21.513390
ООУ Кирил и Методиј,Ораовица,R1310,school,,,41.626891,22.515144
Helen Doron Kapistec,Скопје,Козара,school,,,41.991448,21.417405
"ПООУ ""Гоце Делчев"" - Штип, нас. Три Чешми",Три Чешми А4,school,,,41.773131,22.137463
Игротека Нодиленд,Марино,Улица 500,kindergarten,,,41.991045,21.590661
Piano Forte,Скопје,Нобелова,music_school,,,42.001585,21.395085
Во светот на децата,Скопје,Сава Ковачевиќ,kindergarten,,,41.971573,21.456352
Гете-институт - Скопје,Скопје,8. Септември,language_school,+389 2 3121604,https://www.goethe.de/ins/mk/mk/index.html,42.006364,21.406174
"ОУ ""Св.Климент Охридски""",Охрид,Климентов Универзитет,school,,,41.114118,20.796854
Universiteti i Tetoves “Fakulteti i shkencave të zbatuara”,Тетово,Вон- Вардарска,school,,https://unite.edu.mk/,41.991511,20.962516
ИБССА МАКЕДОНИЈА ТРЕНИНГ ЦЕНТАР,Куманово,Dragan Stoparevic,school,,http://www.ibssamacedonia.com,42.123026,21.732200
Shkolla Fillore “Sali Lisi”,Добри Дол,R1206,school,,,41.861906,20.889963
ОСУ Цар Самоил Касарна,Ресен,Prespanska,school,,,41.092112,21.004713
ООУ Мите Богоевски,Ресен,29. Ноември,school,,,41.088136,21.010710
Casta Diva,Скопје,Васил Главинов,school,+38923220205,http://www.castadiva.com.mk,41.996789,21.428317
Gimnazijum Sami Frasheri,Куманово,3 Македонска Ударна Бригада,school,,,42.133640,21.710956
Универзитет за туризам и менаџмент,,,school,,,42.002267,21.398993
Меѓународен балкански универзитет,Скопје,Самоилова,university,,,42.001793,21.434828
Bambi,Македонска Каменица,1-ви Мај,kindergarten,,,42.018189,22.590520
Kiril i Metodij,Македонска Каменица,М.М.Брицо,school,,,42.022475,22.588137
Central High School,Македонска Каменица,Маршал Тито,school,,,42.022804,22.589385
Мустафа Кемал Ататурк,Гостивар,Јна,school,,,41.793614,20.900885
Deutsches Sprachzentrum,Скопје,Булевар Климент Охридски,school,,,42.000079,21.426577
Курсеви за Јазик,Гостивар,"ул. ""Мајор Чеде Филиповски""",school,,,41.792556,20.906690
Меѓународен Универзитет Визион,Гостивар,"ул. ""Мајор Чеде Филиповски""",school,,,41.792461,20.907784
Max van der Stoel,Тетово,Илинденска,library,,,41.986733,20.959928
Технолошко-техничкиот факултет - Нутриционизам,Кичево,Александар Македонски,university,,,41.510884,20.959619
Библиотека „Браќа Миладиновци“ - Карпош,Скопје,Иван Аговски,library,,,42.002742,21.412053
Clover Center Language School,,,language_school,+38972244663,https://www.facebook.com/clovercenterlanguageschool/,41.983014,21.476860
25 Мај,Скопје,Палмиро Тољати,kindergarten,,,42.003466,21.500167
Илјада книги,Скопје,Кеј 13 Ноември,library,,,41.994696,21.435464
Elementary School Magdalena Antova,Куманово,Улица 110,school,,,42.153770,21.735573
ОУ Jохан Хајнрих Песталоци,Скопје,Апостол Гусларот,school,,,41.997446,21.420776
Универзитет „Св. Кирил и Методиј“,Скопје,Булевар Гоце Делчев,university,+389 2 3293293,http://www.ukim.edu.mk,42.000121,21.442926
ОУ Братство,Скопје,Јоаким Осоговски,school,,,42.001417,21.388725
Мајски Бумбар,Скопје,Хашка,kindergarten,,,42.001283,21.387301
ООУ „Јан Амос Коменски“,Скопје,Виенска,school,,,42.000783,21.394067
Градинка Орце Николов,Скопје,Драгиша Мисовиќ,kindergarten,,,42.004735,21.397935
Другарче,Скопје,Никола Русински,library,,,42.003619,21.400452
Факултет за драмски уметности,Скопје,Руѓер Бошковиќ,university,,,42.004802,21.406036
ОУ Коле Неделковски,Скопје,Радњанска,school,,,42.000411,21.420153
ОУ Вера Јоциќ,Скопје,Крива Феја,school,,,41.995147,21.508095
Росица,Скопје,Франц Прешерн,kindergarten,,,42.009164,21.376385
ОУ Димо Хаџи Димов,Скопје,Ангел Динев,school,,,42.005238,21.373704
QSI International School of Skopje,Скопје,Булевар Илинден,school,,,42.007454,21.413120
Архив на град Скопје,Скопје,Московска,library,,,42.003093,21.390745
Универзитет „Њујорк“,Скопје,Улица 1,university,,,42.002050,21.336219
ОУ Дане Крапчев,Скопје,Маџари,school,,,42.003689,21.502947
Средно медицинско,Скопје,Булевар Мајка Тереза,school,,,41.990719,21.422987
Педагошка Академија,Скопје,Дрезденска,university,,,42.000128,21.405533
СГГУ Здравко Цветковски,Скопје,Булевар Партизански Одреди,school,,,42.001234,21.402612
ОУ Лазар Трповски,Скопје,Драгиша Мисовиќ,school,,,42.006214,21.398325
Европски универзитет,Скопје,Булевар Климент Охридски,university,+389 2 3202020,https://www.eurm.edu.mk/,41.994077,21.423818
ОУ „Кочо Рацин “,Скопје,Тодор Александров,school,,,41.987232,21.417121
Меѓународни Училишта НОВА (гимназија),Скопје,Прашка,school,+389 2 3061 807,http://www.nova.edu.mk,41.998682,21.393492
Правен факултет „Јустинијан Први“,Скопје,Булевар Гоце Делчев,university,+389 2 3117244,http://www.pf.ukim.edu.mk,41.999546,21.442963
Економски факултет,Скопје,Булевар Гоце Делчев,university,+389 2 3286800,http://www.eccf.ukim.edu.mk,42.000914,21.443136
Филозофски факултет,Скопје,Булевар Гоце Делчев,university,+389 2 3116520,http://www.fzf.ukim.edu.mk,41.999963,21.444454
Ректорат,Скопје,Отокар Кершовани,university,,,42.000127,21.442017
СОУ Наум Охридски,,,school,,,41.511913,21.217163
ООУ Климент Охридски,Македонски Брод,Јане Сандански,school,,,41.511830,21.215877
Дом на култура 25 Мај,Македонски Брод,Партизанска,library,,,41.509774,21.216850
ДГ 7. Септември,Македонски Брод,Партизанска,kindergarten,,,41.510329,21.216924
"ОУ ""26 Јули""",Скопје,Брсјачка Буна,school,,,42.035056,21.425371
Техничко-технолошки кампус,Скопје,Илинденска,university,,,42.004801,21.408358
Факултет за електротехника и информациски технологии,Скопје,Руѓер Бошковиќ,university,,,42.004362,21.407991
Техничко-технолошки кампус,Скопје,Илинденска,university,,https://www.finki.ukim.mk,42.004099,21.409745
Детска градинка Пролет 2,Скопје,Милан Марковиќ,school,+38923085701,,41.992854,21.403095
Национална и универзитетска библиотека,Скопје,Булевар Гоце Делчев,library,,,41.997950,21.439345
Градинка Изворче,Скопје,Ангел Димовски,kindergarten,,,41.986493,21.458354
Весели Цветови,Скопје,Локов,kindergarten,,,41.973376,21.440872
Техничко-технолошки кампус,Скопје,Илинденска,university,,,42.004506,21.406486
ФИНКИ - Барака 2,Скопје,Септемвриска сесија,university,,,42.004650,21.406518
Техничко-технолошки кампус,Скопје,Илинденска,university,,,42.004795,21.406553
Техничко-технолошки кампус,Скопје,Илинденска,university,,,42.005647,21.406634
СОУ Љупчо Сантов,Кочани,Глигор Апостолов Гочо,school,,,41.914067,22.409896
ОУ Кирил и Методиј,Кочани,Лазар Андонов,school,,,41.913794,22.410503
ОУ Раде Кратовче,Кочани,Коста Рацин,school,,,41.923412,22.411082
Детска Градинка Павлина Вељанова клон 3,Кочани,Скопска,kindergarten,,,41.910011,22.403306
СОУ Гошо Викентиев,Кочани,Тодосија Паунов,school,,,41.914520,22.437905
Шумарски факултет,Скопје,Булевар Александар Македонски,university,,,42.002050,21.459227
Seavus Education and Development Centar,Скопје,11 Октомври,school,,,41.986868,21.439859
ОУ Наум Наумовски Борче,Скопје,Маџари,school,,,41.998867,21.499404
Економски институт - Скопје,Скопје,Славко Јаневски,university,,http://www.ek-inst.ukim.edu.mk/,41.988744,21.437443
ОУ Никола Карев,Кочани,Никола Карев,school,,,41.913683,22.413395
Gradinka,Скопје,Пехчевска,kindergarten,,,41.995077,21.510958
СУГС Арсениј Јовков,Скопје,Ќемал Сејфула,school,,,42.022783,21.443030
Универзитет Американ Колеџ Скопје,Скопје,Фрањо Клуз,university,+389 2 2463156,www.uacs.edu.mk,41.981228,21.454648
ОУ Адем Јашари,Скопје,392,school,,,42.011117,21.438042
Ќемал Јахија,Скопје,Adem Kastrati,school,,,42.030043,21.441125
Институт за земјотресно инженерство и инженерска сеизмологија - ИЗИИС,Скопје,Тодор Александров,university,,,41.979158,21.425938
ПСУ „Јахја Кемал“,Скопје,Варшавска,school,+389 2 3074168,http://ykc.edu.mk,42.000972,21.392685
Природно Математички Факултет,Скопје,Челопек,university,,,42.001602,21.451817
Brotherhood and Unity,Гостивар,ul. Pance Popovski,school,,,41.790960,20.911097
"Sh.F. ""Liria""",Тетово,ул. Дервиш Цара (ЈНА),school,,,42.007444,20.970021
Универзитет на Југоисточна Европа,Тетово,Илинденска,university,+38944356000,https://www.seeu.edu.mk/,41.986984,20.962647
О.У. Страшо Пинџур,Скопје,Николај Островски,school,,,42.017860,21.354705
Медиа Арт Студио,Скопје,Франклин Рузвелт,school,,,42.000230,21.412919
Средно уметничко училиште „Лазар Личеновски“,Скопје,Киро Крстевски Платник,school,,,41.995548,21.420744
Мајски цвет,Скопје,Варшавска,kindergarten,,,42.000664,21.396750
Orce Nikolov,Скопје,Бранислав Нушиќ,kindergarten,,,42.002829,21.408448
Партизан,Крива Паланка,Свети Јоаким Осоговски,school,,,42.205730,22.335703
OU Joakim Krchovski,Крива Паланка,Свети Јоаким Осоговски,school,,,42.203609,22.334348
Vuk Karadzhikj / Naim Frasheri,Куманово,Страшко Симонов,school,,,42.130879,21.709670
Инвалидска комисија,Скопје,Букурешка,school,,,41.999723,21.400225
Крсте Мисирков / Браќа Миладиновци,Куманово,Народна Револуција,school,,,42.132719,21.719591
Гоце Делчев,Куманово,Прва Петолетка,school,,,42.131888,21.721737
Гимназија Кочо Рацин,Велес,Наум Наумовски Борче,school,,,41.717611,21.773249
С.С.О.У 'Коле Неделковси',Велес,Андон Шурков,college,,,41.719627,21.763175
Бели Мугри,Велес,Алексо Демниевски,library,,,41.718064,21.778298
Музичко О.У. “Киро Димов“,Велес,Страшо Пинџур,school,,,41.718565,21.782887
Тане Георгиевски,Куманово,Народна Револуција,library,,,42.133926,21.718959
Клинички центар - Државна болница,Скопје,Булевар Мајка Тереза,university,,,41.988520,21.425084
ОУ „Кузман Јосифовски - Питу “,Скопје,Банско,school,,,41.982856,21.431658
ОУ „Кузман Јосифовски - Питу“,Скопје,Фредерик Шопен,school,,,41.986903,21.432363
Градинка Весели Цветови,Скопје,Антон Попов,kindergarten,,,41.983237,21.435374
Библиотека „Браќа Миладиновци“,Скопје,Булевар Партизански Одреди,library,+389 2 3162 544,http://www.gbsk.mk,41.999761,21.420178
Кузман Јосифовски - Питу,Скопје,Коста Шахов,dormitory,,,41.995731,21.424016
Музичко училиште „Панче Пешев“,Куманово,Братство Единство,school,,,42.137664,21.714326
СОсновно училиште „Кочо Рацин“,Куманово,Титова Митровачка,school,,,42.118954,21.733882
Градинка,Куманово,Сречко Пужалка,kindergarten,,,42.132420,21.720739
ОУ „Вера Циривири Трена“,Скопје,Руѓер Бошковиќ,school,+38923068507,http://veraciriviritrena.edu.mk/,42.003633,21.408770
Детска градинка „11 Октомври“,Радишани,Радишанска,kindergarten,,,42.061189,21.450789
О.У „Ацо Шопов“,Радишани,Радишанска,school,,,42.062365,21.452169
ОУ „Браќа Миладиновци“,Скопје,Владимир Комаров,school,,,41.991305,21.451252
ОУ „Блаже Конески“,Скопје,Анастас Митрев,school,,,41.986741,21.449999
ОУ „Димитар Миладинов“,Скопје,11 Октомври,school,,,41.989208,21.434775
Факултет за земјоделски науки и храна,Скопје,Булевар Александар Македонски,university,,,42.002229,21.458335
Факултет за Ветеринарна Медицина,Скопје,Лазар Поп Трајков,university,,,42.003007,21.459182
ОУ Глигор Прличев,Скопје,Гемиџиска,school,,,42.014629,21.458896
Детска Градинка - Калинка,Скопје,Гемиџиска,kindergarten,,,42.013836,21.461306
СУ Панче Арсовски,Скопје,881,school,,,42.006126,21.464557
СУ Панче Арсовски,Скопје,881,school,,,42.006104,21.464768
Институт за хемија,Скопје,Архимедова,university,,,42.001260,21.453747
Студентски Дом Стив Наумов,Скопје,Булевар Александар Македонски,university,,,42.001626,21.455411
Институт за информатика,Скопје,Менделеева,university,,,42.003048,21.449814
Институт за физика,Скопје,Гази Баба,university,,,42.002448,21.450462
Институт за математика,Скопје,Гази Баба,university,,,42.002655,21.450240
Природно Математички Факултет,Скопје,Челопек,university,,,42.003204,21.450058
Природно Математички Факултет,Скопје,Челопек,university,,,42.002856,21.450024
Институт за етнологија и антрпологија,Скопје,Архимедова,university,,,42.001184,21.453243
Лабораторија,Скопје,16 Makedonska brigada,university,,,42.003804,21.458553
Студентски Дом Стив Наумов,Скопје,Булевар Александар Македонски,dormitory,,,42.001644,21.455072
Студентски Дом Стив Наумов,Скопје,Булевар Александар Македонски,dormitory,,,42.002215,21.455216
ОУ Владо Тасевски,Скопје,Јуриј Гагарин,school,,,41.996195,21.395978
Stiv Naumov,Скопје,Архимедова,dormitory,,,42.002270,21.455755
Stiv Naumov,Скопје,Архимедова,dormitory,,,42.001280,21.455900
Stiv Naumov,Скопје,Архимедова,dormitory,,,42.001577,21.456788
Stiv Naumov,Скопје,Булевар Александар Македонски,dormitory,,,42.001293,21.456813
Ветеринарен Институт,Скопје,16 Македонска Бригада,university,,,42.003656,21.459090
Студентски Дом Стив Наумов,Скопје,Булевар Александар Македонски,dormitory,,,42.000489,21.455999
Студентски Дом Стив Наумов,Скопје,Булевар Александар Македонски,dormitory,,,42.001885,21.454222
Stiv Naumov,Скопје,Архимедова,dormitory,,,42.002002,21.454970
Stiv Naumov,Скопје,Архимедова,dormitory,,,42.002061,21.455516
Stiv Naumov,Скопје,Булевар Александар Македонски,dormitory,,,42.001013,21.456826
Stiv Naumov,Скопје,Архимедова,dormitory,,,42.001846,21.455281
Ветеринарен Институт,Скопје,16 Македонска Бригада,university,,,42.004138,21.459647
Stiv Naumov,Скопје,Архимедова,dormitory,,,42.002419,21.455435
Stiv Naumov,Скопје,Булевар Александар Македонски,dormitory,,,42.000698,21.455274
Студентски Дом Стив Наумов,Скопје,Булевар Александар Македонски,dormitory,,,42.002307,21.454843
Stiv Naumov,Скопје,Архимедова,dormitory,,,42.002250,21.454478
Средно угостителско училиште „Лазар Танев“,Скопје,Стрезово,school,,,41.993213,21.399617
Еурека,Скопје,Стрезово,kindergarten,,,41.993403,21.397923
"Средно угостителско училиште ""Лазар Танев""",Скопје,Стрезово,school,+389 2 3085035,http://www.lazartanev.edu.mk/zanas.html,41.993194,21.399447
ОУ Кирил и Методиј,Скопје,1737,school,,,41.997379,21.438927
ОУ Стив Наумов,Скопје,Бапчор,school,,,42.003482,21.466140
"Детска Градинка ""Темјанушка""",Скопје,Јани Лукровски,kindergarten,,,42.001927,21.463321
ОУ 11-ти Октомври,Скопје,3. Македонска Бригада,school,,,41.989187,21.440618
Детска Градинка Мимоза,Скопје,Бапчор,kindergarten,,,42.003371,21.467634
СУГС „Раде Јовчевски - Корчагин“,Скопје,Јосиф Јосифовски Свештарот,school,,,41.990573,21.438072
"Детска Градинка ""13 Ноември""",Скопје,Киро Крстевски Платник,kindergarten,,,41.996346,21.420937
"СУГС Гимназија ""Орце Николов""",Скопје,Булевар Илинден,school,+389 2 3065 555,https://orcenikolov.edu.mk/,42.006136,21.412471
ОУ Цветан Димов,Скопје,Коста Абрашевиќ,school,,,42.010445,21.441656
ОУ Васил Главинов,Скопје,Џон Кенеди,school,,,42.013421,21.433246
Детска Градинка Снежана,Скопје,Ismai Qemali,kindergarten,,,42.013548,21.434556
СУГС Цветан Димов,Скопје,Лазар Трповски,school,,,42.013940,21.437610
ОУ Рајко Жинзифов,Скопје,Петар Ичко,school,,,42.019677,21.433563
ОУ Петар Здравковски Пенко,Скопје,Ќемал Сејфула,school,,,42.021966,21.442867
Заводот за рехабилитација на деца и младинци “Топанско поле”,Скопје,Втора Македонска Бригада,school,,,42.023002,21.435443
СУГС Зефљуш Марку,Скопје,Nexhip Draga,school,,,42.024362,21.435016
ОУ Панајот Гиновски,Скопје,Ферид Бајрам,school,,,42.020822,21.451793
ОУ Лирија,Скопје,Цветан Димов,school,,,42.008557,21.444459
ОУ Тефјуз,Скопје,Ремзи Хоџа,school,,,42.004866,21.443204
ОУ Иднина,Скопје,Ферид Бајрам,school,,,42.020829,21.446203
ОУ Никола Вапцаров,Скопје,Браќа Реџепагиќ,school,,,42.016049,21.441087
ОУ Јашар Беј Шкупи,Скопје,Св. Прохор Пчињски,school,,,42.005231,21.436264
Детска градинка „Кочо Рацин“,Скопје,Белградска,kindergarten,,,41.987788,21.417142
ОУ „Кочо Рацин “,Скопје,Тодор Александров,school,,,41.987049,21.417222
Православен Богословски факултет - Свети Климент Охридски,Скопје,Загрепска,university,,,41.993017,21.409892
Детска Градинка Страшо Пинџур,Скопје,Натанаил Кучевишки,kindergarten,,,42.031907,21.446161
Детска Градинка Бутел 2,Скопје,Иван Манолев,kindergarten,,,42.021314,21.452464
ОУ Живко Брајковски,Скопје,Хо Ши Мин,school,,,42.030922,21.446902
Детска Градинка Бутел 1,Скопје,Хо Ши Мин,kindergarten,,,42.031579,21.447282
ОУ Војдан Чернодрински,Скопје,Дрезденска,school,,,41.998754,21.410152
Ученички дом Здравко Цветковски,Скопје,Дрезденска,dormitory,,,41.998634,21.411982
Детска Градинка Бисери,Скопје,Каирска,kindergarten,,,42.000603,21.405338
СУГС Георги Димитров,Скопје,Париска,school,,,41.999704,21.401902
Блок Г,Скопје,Митрополит Теодосиј Гологанов,dormitory,,,41.999452,21.389887
Блок Б,Скопје,Митрополит Теодосиј Гологанов,dormitory,,,41.998967,21.390388
Блок В,Скопје,Митрополит Теодосиј Гологанов,dormitory,,,41.999384,21.390465
Блок А,Скопје,Митрополит Теодосиј Гологанов,dormitory,,,41.999041,21.389780
Студентски дом „Гоце Делчев“,Скопје,Лондонска,university,,,41.999219,21.390306
ОУ Христијан Тодоровски Карпош,Скопје,Драган Ѓаконовски Шпато,school,+389 (02) 3067-407,http://oouhtkarpos.edu.mk,42.004279,21.413152
Центар за странски јазици,Скопје,Орце Николов,school,+389 (0)2 306 77 83,http://www.csj.com.mk/,42.004561,21.413762
Библиотека „Браќа Миладиновци“,Скопје,Булевар Партизански Одреди,library,,,41.999702,21.420248
ОУ Коле Неделковски,Скопје,Радњанска,school,,,42.000332,21.419814
Меѓународни Училишта НОВА (основно училиште),Скопје,Прашка,school,+389 2 3061 807,http://www.nova.edu.mk,41.998598,21.394252
ОУ Димитар Беровски,Скопје,1261,school,,,42.003117,21.357481
СУГС Кочо Рацин,Скопје,Александар Муртукулов,school,,,42.004370,21.363812
ОУ Партение Зографски,Скопје,Благоја Стефковски,school,,,42.002903,21.481739
ОУ Климент Охридски,Драчево,Улица 4,school,,,41.930539,21.526239
СУГС Браќа Миладиновци,Драчево,Китка,school,,,41.935562,21.522773
ОУ Рајко Жинзифов,Драчево,Бранко Заревски,school,,,41.940941,21.509944
ОУ Кузман Шапкарев,Драчево,Ѓорѓи Динката,school,,,41.941293,21.522062
ФОН Универзитет,Скопје,Киро Глигоров,university,,,41.992920,21.474017
"Средно Богословско Училиште „Св.Климент Охридски”",Драчево,Јустинијан Први,school,,,41.930702,21.525001
ОУ Лазо Ангеловски,Скопје,Видое Смилевски-Бато,school,,,41.983114,21.480167
ОУ Ѓорѓија Пулевски,Скопје,Васко Карангелевски,school,,,41.989496,21.464768
ОУ Ѓорѓија Пулевски,Скопје,Васко Карангелевски,school,,,41.989202,21.464995
С.У.Г.С. Владо Тасевски,Скопје,3. Македонска Бригада,school,,,41.977929,21.461426
ОУ Невена Георгиева Дуња,Скопје,Ѓорѓи Сугаре,school,,,41.980409,21.445244
Институт за лозарство и винарство,Скопје,Булевар Христијан Тодоровски Карпош,university,,,42.031302,21.453071
ОУ Ѓорче Петров,Скопје,4 Јули,school,,,42.007792,21.336853
ОУ Св. Климент Охридски,Облешево,A3,school,,,41.883892,22.334108
ОУ Малина Попиванова,Кочани,Тодосија Паунов,school,,,41.914353,22.421847
Детска Градинка Павлина Вељанова клон 2,Кочани,Македонска,kindergarten,,,41.915152,22.426041
ОУ Крсте Петков Мисирков,Оризари,Гоце Делчев,school,,,41.924926,22.444769
Krste P. Misirkov,Оризари,Гоце Делчев,school,,,41.924801,22.444832
Техничко-технолошки кампус,Скопје,Илинденска,university,,,42.004241,21.408989
АСУЦ Боро Петрушевски,Скопје,Петнаесети Корпус,school,,,42.001595,21.475476
Хидробиолошки Институт,Охрид,Булевар Свети Наум Охридски,university,,http://www.hio.edu.mk/GeoMapa.aspx,41.101707,20.814832
Коле Канински,Битола,Паца Мирчева,school,,,41.004573,21.346628
Школа,Куманово,Тане Георгиев,school,,,42.133887,21.720762
Ангел Шајче 3,Куманово,Братство Единство,kindergarten,,,42.139490,21.715864
11-ти Октомври,Куманово,Тодор В.,school,,,42.138793,21.715922
"ООУ ""Гоце Делчев""",Демир Хисар,Гоце Делчев,school,,,41.218076,21.203324
"СОУ ""Крсте Петков-Мисирков""",Демир Хисар,Гоце Делчев,school,,,41.218139,21.202496
ОУ Јоаким Крчовски,Орман,Мајка Тереза,school,,,42.054525,21.348919
ОУ Јоаким Крчовски,Чучер Сандево,A4,school,,,42.068149,21.336530
ОУ Борис Кидрич,Скопје,Георги Димитров,school,,,41.979899,21.438909
Браќа Миладиновци,Скопје,Виа Игнација,library,,,42.006478,21.361473
ОУ Тихомир Милошевски,Ново Село,1-Jan,school,,,42.031131,21.349416
СЕТУ Михајло Пупин,Скопје,Благоја Стефковски,school,,,42.002276,21.479421
"СУГС ""Марија Кири Склодовска""",Скопје,3. Македонска Бригада,school,,,41.978855,21.464283
Факултет за безбедност,Идризово,Улица 1,university,,,41.957101,21.557598
Основно музичко училиште „Методиј Патчев“,Охрид,Никола Карев,school,,,41.111722,20.809726
Универзитет за Инфоматички Науки и Технологии „Св. Апостол Павле“,Охрид,Партизанска,university,,,41.113308,20.802582
ООУ Свети Климент Охридски,Драслајца,R2243,school,,,41.206893,20.679188
ОУ Страшо Пинџур,Чешиново,R534,school,,,41.874570,22.293512
Општинско средно училиште „Св. Климент Охридски“,Димитар Влахов,,school,,http://gimnazijaohrid.edu.mk/,41.112835,20.807738
ОУ Гоце Делчев,Ресен,11 Septemvri,school,,,41.089715,21.015686
"ПООУ ""Гоце Делчев"" - Света",Света,R2339,school,,,41.265571,21.275128
Medrese,Тетово,Браќа Миладинови,school,,,42.006125,20.966350
Гимназија „Кирил Пејчиновиќ“,Тетово,Ѓорче Петров,school,,,42.006215,20.964628
Gjimnazi i Tetovës,Тетово,Браќа Миладинови,school,,,42.006336,20.964699
ОУ Никола Карев,Пробиштип,Скоевска,school,,,41.991458,22.186781
Max Van Der Stoel Institute,Тетово,Илинденска,university,,,41.987446,20.960285
СОУ Ѓорче Петров,Крива Паланка,8-ми Октомври,school,,,42.205943,22.341537
СОУ Ѓорче Петров,Крива Паланка,8-ми Октомври,school,,,42.206072,22.340962
ОУ Рајко Жинзифов,Скопје,Саса-2,school,,,41.955830,21.483652
Pero Nakov,Куманово,Пиринска,school,,,42.133077,21.726612
O.U. Josip Broz Tito,Жировница,R1202,school,,,41.674356,20.587830
Градинка Буба Мара,Скопје,Тоше Проески (Детска Улица),school,,,41.984154,21.478910
О.У. Гоце Делчев,Скопје,Горно Лисиче,school,,,41.969835,21.487037
Градинка „Сонце“,Скопје,Благој Попов,kindergarten,,,41.978886,21.472004
О.У. Александар Македонски,Скопје,Благој Попов,school,,,41.979388,21.471096
Градинка Весели Цветови,Скопје,Кресна,school,,,41.976845,21.466513
ООУ „Димитар Македонски“,Скопје,Ѓуро Малешевац,school,+389 2 2440 011,http://oudimitarmakedonski.edu.mk/mk/,41.973587,21.476256
Градинка Срничка,Скопје,Булевар Асном,kindergarten,,,41.988317,21.465078
Градинка Весели Цветови,Скопје,Јане Сандански,kindergarten,,,41.984993,21.462300
Градинка Петар Пан,Скопје,Булевар Јане Сандански,kindergarten,,,41.987471,21.453500
ДСУ Димитар Влахов,Скопје,3. Македонска Бригада,school,,,41.985325,21.445897
Градинка,Скопје,Христо Татарчев,kindergarten,,,41.974969,21.444535
О.У. Гоце Делчев  с. Радиовце,,Radiovce,school,,,41.906508,20.964187
О.У. Гоце Делчев  с. Радиoвце,,Radiovce,school,,,41.906562,20.964358
О.У. „Гоце Делчев“- Теново,Теново,102,school,,,41.895609,20.980788
О.У. „Гоце Делчев“ - Теново,Теново,102,school,,,41.895830,20.980926
Детска градинка Пролет 2,Скопје,Милан Марковиќ,kindergarten,,,41.992805,21.403083
ПООУ Манчу Матак,Подвис,Даме Груев,school,,,41.392397,21.325263
ПООУ Манчу Матак,Годивле,Јане Сандански,school,,,41.363966,21.319577
УКЛО - Економски Факултет - Прилеп,Прилеп,Прилепски Бранители,university,,http://www.eccfp.uklo.edu.mk/,41.353831,21.540987
Борка Талески-Модерното,Прилеп,Кузман Јосифоски-Питу,library,,,41.345503,21.550404
Детска градинка Пролет,Скопје,Јуриј Гагарин,kindergarten,,,41.995491,21.395895
Bajram Shabani,Куманово,Карл Маркс,school,,,42.133941,21.713770
ОУ Гоце Делчев,Штип,Сутјеска,school,,,41.740364,22.200010
ОУ Ванчо Прќе,Ѕвегор,A3,school,,,41.967006,22.802698
СОУ М.М. Брицо,Делчево,бул. Методи Митевски Брицо,school,,,41.967374,22.778666
СВ. Климент Охридски,Делчево,бул. Методи Митевски Брицо,school,,,41.966287,22.778273
ОУ. Ванчо Прќе,Делчево,Н. Ј. Вапцаров,school,,,41.967639,22.774129
Весели Цветови (детска градинка),Делчево,Светозар Марковски,kindergarten,,,41.968669,22.772910
ОУ Ванчо Прќе,Ѕвегор,A3,school,,,41.966980,22.802754
ОУ. Ванчо Прќе,Делчево,Н. Ј. Вапцаров,school,,,41.967725,22.773887
Весели Цветови (детска градинка),Делчево,Светозар Марковски,kindergarten,,,41.968684,22.772829
ОУ. Св. Климент Охридски,Делчево,бул. Методи Митевски Брицо,school,,,41.966319,22.778055
СОУ М.М. Брицо,Делчево,бул. Методи Митевски Брицо,school,,,41.967461,22.778126
DTU The Faculty of Art,Тетово,Љуботенска,university,,,41.994903,20.949260
ПООУ Страшо Пинџур,Удово,Коста Делев,school,,,41.345138,22.440065
Др. Златан Сремец,Скопје,Емил Зола,school,,,41.984847,21.436639
ОУГС Битолски Конгрес,Скопје,Петре Георгиев,school,,,42.001846,21.443924
ОУ „Аврам Писевски“,Бардовци,Улица 10,school,,,42.026133,21.383284
Димче Мирчев,Велес,Тодор Христов Офицерчето,kindergarten,,,41.716250,21.768222
ОУ Димитар Поп Георгиев - Беровски,Скопје,Воин Драшковиќ,school,,,42.003954,21.370517
ПООУ Крсте Мисирков,Кременица,R2338,school,,,40.921797,21.456518
ДГ Весели Цветови,Гевгелија,Илинденска,kindergarten,,,41.139566,22.512124
Научен институт за тутун - Прилеп,Варош,R1303,university,,http://www.tip.edu.mk/,41.369388,21.514562
ПООУ Страхил Пинџуров - Страшо Пинџур,Кадино Село,R2339,school,,,41.307437,21.459120
ПООУ Круме Волнароски-Коља,Галичани,R2339,school,,,41.304255,21.478350
ПООУ Круме Волнароски-Коља,Беровци,R1101,school,,,41.296937,21.496916
ООУ Ѓорѓија Кастриот,Арачиново,Улица 10,school,,,42.023868,21.560247
Мајски цвет,Скопје,Варшавска,kindergarten,,,42.000660,21.396774
ООУ Крсте Мисирков,Барешани,L50152,school,,,40.952353,21.359599
ПООУ Пецо Крстески-Даскалот,Сарандиново,R1303,school,,,41.412724,21.398909
ПООУ Пецо Крстески-Даскалот,Новоселани,Марко Деспотоски,school,,,41.402417,21.434068
ПООУ Климент Охридски,Мажучиште,R1303,school,,,41.386242,21.498066
ПООУ Страхил Пинџуров - Страшо Пинџур,Големо Коњари,R1306,school,,,41.343456,21.441301
ООУ Круме Волнароски-Коља,Тополчани,Тополчани,school,+38948480103,,41.225735,21.431915
Искра,,,school,,,41.731414,22.175064
Факултетска библиотека и компјутерница,Скопје,16 Makedonska brigada,university,,,42.002930,21.458763
Факултетска библиотека и компјутерница,Скопје,16 Makedonska brigada,library,,,42.002954,21.458708
Лабораторија за Патологија и Сметководство,Скопје,16 Makedonska brigada,university,,,42.003182,21.458796
Томе Стефановски - Сениќ,Скопје,Булевар Александар Македонски,dormitory,,,42.001840,21.472195
ПООУ Круме Волнароски-Коља,Штавица,R1107,school,,,41.259581,21.571107
Браќа Миладиновци,Трап,R29175,school,,,41.141675,21.433271
ООУ Јонче Смугрески,Обршани,Љубе Грујоски,school,,,41.278456,21.364605
ООУ Јонче Смугрески,Обршани,Љубе Грујоски,school,,,41.277955,21.365108
ООУ Јонче Смугрески,Обршани,Љубе Грујоски,school,,,41.278655,21.364229
Музичко училиште „Тоше Проески“,Битола,1. Мај,school,,,41.031419,21.329972
Гимазија „Славчо Стојменски“ - Штип,Штип,Борко Талев,school,,,41.736098,22.192246
ОУ Ванчо Прќе,Штип,Васил Доганџ.,school,,,41.736092,22.193421
Манчу Матак,Врбјани,R1306,school,,,41.331593,21.390434
Турско Школо,Штип,Страшо Пинџур,school,,,41.737173,22.195924
Библиотека “Гоце Делчев“,Штип,Вита Поп Јорданова,library,,,41.735873,22.194658
СТУ Димитар Мирасчиев,Штип,Мирче Ацев,school,,,41.736361,22.194921
ОУ Тошо Арсов,Штип,Бул. ЈНА,school,,,41.749587,22.191831
ООУ Димитар Влахов,Штип,Џемал Бједиќ,school,,,41.750436,22.202795
Кампус 4,Штип,Михајло Апостолски,university,,http://www.ugd.edu.mk/index.php/,41.736738,22.203413
Кампус 4,Штип,Михајло Апостолски,university,,http://ef.ugd.edu.mk/index.php/mk/,41.736666,22.203384
Факултет за Медицински Науки - Деканат,Штип,Љубен Иванов,university,,https://www.ugd.edu.mk/,41.733839,22.199108
"ДМУЦ ""Сергеј Михајлов""",Штип,Иво Лола Рибар,school,,,41.738230,22.191110
Кампус 2,Штип,R1204,university,,http://www.ugd.edu.mk/index.php/,41.746503,22.183539
Градинка Астибо,Штип,Брегалничка,kindergarten,,,41.745079,22.188251
СОУ „Коле Нехтенин“,Штип,R1204,school,,,41.747746,22.182415
Кампус 4,Штип,Железничка,university,,http://www.ugd.edu.mk/index.php/,41.759878,22.165985
Музичка академија,Штип,Кузман Јосфовски Питу,university,,http://www.ugd.edu.mk/index.php/,41.736952,22.191151
СОУ Јане Сандански - Штип,Штип,Трајко Кош,school,,,41.731432,22.199624
Факултет за Медицински Науки,Штип,Мирче Ацев,university,,,41.736296,22.195134
Братство Миѓени,Сараќино,R1206,school,,,41.981742,21.041097
Факултет за земјоделски науки и храна,Скопје,Булевар Александар Македонски,university,,http://www.fdtme.ukim.edu.mk,42.002534,21.457969
Лабораторија за тестирање мебел - ФДТМЕ,Скопје,16 Makedonska brigada,university,+389(2)6154666,,42.002467,21.459118
Фидани,Скопје,4 Dhjetori,kindergarten,,,42.018821,21.441075
градинка Фидани,Скопје,Булевар Цветан Димов,kindergarten,,,42.006714,21.441697
Градинка Срничка,Скопје,Булевар Асном,kindergarten,,,41.988229,21.465020
Градинка Срничка,Скопје,Булевар Асном,kindergarten,,,41.988507,21.465383
Градинка Срничка,Скопје,Булевар Јане Сандански,kindergarten,,,41.988405,21.465247
Градинка Срничка,Скопје,Булевар Асном,kindergarten,,,41.988418,21.464992
Поранешен ФОН,Скопје,Методија Андонов Ченто,university,,,42.004587,21.488875
Интернационално Школо,Скопје,Антоние Грубишиќ,school,,,42.000686,21.422138
Кукушка,Скопје,Кукушка,kindergarten,,,42.002002,21.426974
ООУ Димитар Влахов,Штип,Џемал Бједиќ,school,,,41.750659,22.202612
"Градинка ""Сончогледи""",Штип,Сремски Фронт,kindergarten,,,41.750700,22.200698
ССОУ Моша Пијаде,Тетово,Илинденска,school,,,41.991595,20.962036
ПООУ Гоце Делчев,Топлица,R1101,school,,,41.380499,21.807873
Градинка Весели Цветови,Скопје,Јане Сандански,kindergarten,,,41.985135,21.462077
Градинка Весели Цветови,Скопје,Јане Сандански,kindergarten,,,41.984894,21.462272
ООУ Страхил Пинџуров - Страшо Пинџур,Мало Коњари,R1306,school,+38948483418,https://oustrasopindzur.wordpress.com/,41.337446,21.462758
ПООУ Круме Волнароски-Коља,Старо Лагово,R1107,school,,,41.294953,21.535767
ОУ Дервиш Цара,Долно Палчиште,R1206,school,,,41.976515,20.938993
Woodrow Wilson High School,Долно Седларце,R2233,school,,,41.977821,20.970952
ЕМУЦ - Наце Буѓони,Куманово,Народна Револуција,school,,,42.129165,21.716450
Bajram Shabani,,,school,,,42.133935,21.713738
ЕМУЦ - Наце Буѓони,,,school,,,42.129109,21.717050
ОУ Крсте Мисирков,Скопје,Сречко Пужаљка,school,+389 2 322 6655,,42.010365,21.504766
QSI International School of Skopje,Скопје,Партизанска 7,school,,,42.001915,21.381986
Orce Nikolov,Скопје,Бранислав Нушиќ,kindergarten,,,42.002847,21.408653
Распеана Младост,Скопје,Руѓер Бошковиќ,kindergarten,,,42.003570,21.413212
СУГС Никола Карев,Скопје,Драгиша Мисовиќ,school,,,42.004406,21.400268
8 Март,Драчево,Андреја Петковиќ,kindergarten,,,41.940295,21.511867
Борис Трајковски,Босилово,A4,school,,,41.424051,22.767062
ПООУ Круме Волнароски-Коља,Веселчани,A3,school,,,41.263878,21.433403
Основно училиште „Братство Единство“,Охрид,Марко Нестороски,school,,,41.118877,20.804994
"ОУ ""Перпарими""",Голема Речица,R1206,school,,,41.989625,20.945218
ОСМУ Никола Штејн,Тетово,Илинденска,school,38944339110,http://nstejn.edu.mk,41.993071,20.961078
Државен Универзитет Тетово,Тетово,R2233,university,,,41.993137,20.962364
Петар Поп Арсов,Скопје,Трифун Бузев,school,,,42.006389,21.387823
ООУ Браќа Миладиновци,Струга,Јово Стефаноски - Риле,school,,,41.175008,20.684637
ДГ Сонце,Струга,Јово Стефаноски - Риле,kindergarten,,,41.174678,20.688336
ООУ Јосип Броз - Тито,Струга,Разме Малески,school,,,41.175128,20.669112
ДГ Пеперутка,Струга,Вељко Влаховиќ,kindergarten,,,41.174298,20.669069
Тошо Велков Пепето,Кавадарци,Ленинова,school,,,41.437483,22.016792
Институт за Сточарство,Скопје,Булевар Илинден,university,,,42.008777,21.413024
ОУ Мирче Ацев,Скопје,Јадранска,school,,,42.008135,21.350814
ПООУ Стале Попов,Кален,R1107,school,,,41.291729,21.628471
ДГ Естреја Овадија - Мара,Битола,Цане Бујуковски,kindergarten,,,41.045410,21.344596
ДГ Естреја Овадија - Мара,Битола,Цане Бујуковски,kindergarten,,,41.045378,21.344610
Shkolla tete vjecare RILINDJE e fsh. Llojane,Лојане,Rruga Mahalla e Eper,school,,,42.215693,21.665927
Земјоделски факултет,Штип,R1204,university,,,41.746295,22.184091
Кампус 2,Штип,R1204,university,,,41.746593,22.184157
Кампус 2,Штип,R1204,university,,,41.746460,22.183923
Кампус 2,Штип,R1204,university,,,41.746259,22.183792
Факултет за информатика,Штип,R1204,university,,,41.746197,22.183506
Кампус 2,Штип,R1204,university,,,41.746074,22.183633
Правен факултет,Штип,Железничка,university,,,41.760283,22.165321
Филолошки факултет,Штип,Железничка,university,,,41.760083,22.165596
Кампус 4,Штип,Железничка,university,,,41.759909,22.165826
Кампус 4,Штип,Железничка,university,,,41.759721,22.166098
Ректорат,Штип,Димитар Влахов,university,,https://www.ugd.edu.mk/,41.736214,22.182209
Ликовна академија,Штип,Кеј Маршал Тито,university,,http://la.ugd.edu.mk/index.php/mk/,41.736965,22.190973
Музичка академија,Штип,Кузман Јосфовски Питу,university,,http://ma.ugd.edu.mk/index.php/mk/,41.737023,22.191271
Филмска академија,Штип,Ванчо Прке,university,,,41.737185,22.191102
СТУ Димитар Мирасчиев,Штип,Мирче Ацев,university,,https://www.ugd.edu.mk/,41.736423,22.194789
"Градинка ""Виножито""",Штип,Сајбие Демир,kindergarten,,,41.752445,22.196891
Shkolla Emin Duraku,Буковиќ,R1206,school,,http://eminduraku.edu.mk/,41.973436,21.237801
Јахја Кемал основно и средно училиште,Скопје,Варшавска,school,+389 72 229 030,https://www.ykc.edu.mk/,42.000765,21.392503
ООУ Христо Узунов,Другово,Гоце Делчев,school,,,41.483621,20.922339
Ристо Шуклев,Негорци,7 Ноември,school,,,41.183084,22.480553
Основно Училиште Гоце Дечев,Виница,Даме Груев,school,,,41.883122,22.512242
Економски факултет - Прилеп,Прилеп,Прилепски Бранители,university,,http://www.eccfp.uklo.edu.mk/,41.353907,21.540981
ООУ Пере Тошев,Росоман,L10701,school,,,41.516260,21.944427
ООУ Пере Тошев,Росоман,L10701,school,,,41.516573,21.944378
ООУ Кузман Јосифоски-Питу,Кичево,Борис Кидрич,school,,,41.508851,20.955762
Градинка Олга Мицеска,Кичево,11 Септември,kindergarten,,,41.510051,20.954624
ООУ Др Владимир Полежиноски-Полежина,Кичево,Левче Стефаноски - Тарзан,school,,,41.504177,20.960053
О.У Санде Штерјоски,Кичево,Ибе Паликуќа,school,,,41.518927,20.957573
ООУ „Гоце Делчев“,Свети Николе,Цветан Димов,school,,,41.866569,21.941169
Детска градинка „Рахилка Гонева“,Свети Николе,Кочо Рацин,kindergarten,,,41.864803,21.935058
СОУ „Кочо Рацин“,Свети Николе,Кочо Рацин,school,,,41.865529,21.938592
ООУ „Кирил и Методиј“,Свети Николе,Ангел Трајчев,school,,,41.863914,21.937339
Средно стручно училиште „Кочо Рацин“,Свети Николе,Маршал Тито,school,,,41.862738,21.949015
Kiril Pejchinovik,Скопје,Народни Херои,school,,,41.978147,21.444332
СОУ „Јосиф Јосифовски“,Гевгелија,G. P. Odredi,school,,,41.142345,22.504713
Детска градинка Павлина Вељанова клон 1,Кочани,9ти Мај,kindergarten,,,41.914280,22.414857
Detska Gradinka Pavlina Veljanova,Кочани,Цар Самуил,kindergarten,,,41.923384,22.409777
ООУ Рампо Левков-Левката,Прилеп,Цар Самоил,school,+38948422377,,41.337756,21.554067
ООУ Ѓорѓи Делчев-Гоце,Прилеп,Мечкин Камен,school,,https://oougocedelcev.edu.mk/,41.343062,21.567823
ПООУ Блаже Конески,Прилеп,Борка Лопач,school,,,41.357074,21.535786
Градска библиотека Искра,Кочани,Маршал Тито,library,,,41.919403,22.409943
ПООУ Круме Волнароски-Коља,Тополчани,Тополчани,school,,,41.237416,21.406212
ПООУ Гоце Делчев,Плетвар,R1101,school,,,41.367670,21.653074
ООУ „Димитар Македонски“,Скопје,Ѓуро Малешевац,school,,,41.973643,21.476249
ПООУ Круме Волнароски-Коља,Алинци,A3,school,,,41.259303,21.482437
Наум Наумоски-Борче,Крушево,Коча Миленку,library,+38948477101,,41.366947,21.248898
ПООУ Кирил и Методиј,Тополчани,R1101,school,+38948456217,,41.215924,21.486053
ПООУ Круме Волнароски-Коља,Штавица,R1107,school,,,41.281887,21.568765
ПООУ Круме Волнароски-Коља,Пашино Рувци,Борис Трајковски,school,,,41.248553,21.395351
ПООУ Стале Попов,Зовиќ,L50736,school,,,41.163255,21.686429
ПООУ Гоце Делчев,Тројаци,R1101,school,,,41.372422,21.740683
ПООУ Круме Волнароски-Коља,Ново Лагово,R1101,school,,,41.310580,21.514071
ПООУ Стале Попов,Дуње,R29172,school,,,41.279949,21.670632
"Гимназија ""Јосип Броз Тито""",Скопје,Dimitrie Čupovski,school,+389 2 3214 314,https://josipbroztito.edu.mk/,41.994467,21.426192
ПООУ Стале Попов,Мелница,R1107,school,,,41.147398,21.823897
ПООУ Рампо Левков-Левката,Прилеп,A3,school,,,41.325916,21.576798
ПООУ Кирил и Методиј,Маково,L50709,school,+38948456217,,41.179549,21.596286
ПООУ Кирил и Методиј,Штавица,R1107,school,+38948456217,,41.231107,21.547336
ПООУ Круме Волнароски-Коља,Прилеп,R1303,school,,,41.302000,21.567494
ПООУ Стале Попов,Манастир,Пат за Чебрен,school,,,41.166923,21.727812
ПООУ Стале Попов,Дуње,R1107,school,,,41.205766,21.653533
ПООУ Стале Попов,Бешиште,R2338,school,,,41.138734,21.782824
ПООУ Кирил и Методиј,Кален,R1107,school,+38948456217,,41.230700,21.599232
ООУ Стале Попов,Витолиште,R1107,school,,,41.177198,21.826247
ДГ Наша Иднина,Големо Коњари,R1306,kindergarten,,,41.342913,21.441893
ПООУ Стале Попов,Дуње,R29172,school,,,41.258728,21.691229
ООУ Кирил и Методиј,Добрушево,R2340,school,+38948456217,,41.212894,21.498538
ПООУ Кирил и Методиј,Подмол,,school,+38948456217,,41.200262,21.567031
ПООУ Стале Попов,Кален,R1107,school,,,41.255334,21.645770
ПООУ Круме Волнароски-Коља,Клепач,R2340,school,,,41.203400,21.461636
ПООУ,Плетвар,R1101,school,,,41.402872,21.670226
Наце Николоски,Локов,R2243,school,,,41.366083,20.648748
ОМУ Ордан Михајлоски-Оцка,Прилеп,Борка Велески-Левата,school,+38948415715,https://muzickoprilep.edu.mk/,41.343583,21.553997
ООУ Блаже Конески,Прилеп,Пере Тошев,school,,https://oublazekoneski.edu.mk/,41.351288,21.537064
ООУ Добре Јованоски,Прилеп,11. Октомври,school,,https://ooudobrejovanoski.edu.mk/,41.353097,21.552195
ООУ Кире Гаврилоски-Јане,Прилеп,9. Септември,school,,http://ooukgjane.edu.mk/,41.347657,21.560971
ООУ Климент Охридски,Прилеп,Архиепископ Доситеј,school,,https://ooukohridski.wordpress.com/,41.345897,21.548151
ООУ Коста Солев-Кочо Рацин,Прилеп,Борка Талески-Модерното,school,+38948425772,http://ooukocoracinprilep.edu.mk/,41.343727,21.554578
ДСД Јордан Чопела-Кулак,Прилеп,Пере Тошев,dormitory,+38948414523,,41.352762,21.542826
Правен Факултет - Кичево,Партизанска,Bitola,university,+389047221115,https://pfk.uklo.edu.mk/,41.022142,21.331096
ДГ Наша Иднина,Прилеп,Бидимаж,kindergarten,+38948417760,,41.342145,21.545055
ДГ Наша Иднина,Прилеп,Кузман Јосифоски-Питу,kindergarten,+38948417760,,41.349026,21.545500
ДГ Наша Иднина,Прилеп,Пиринска,kindergarten,+38948417760,,41.352513,21.552681
ДГ Наша Иднина,Прилеп,Радовишка,kindergarten,+38948417760,,41.343893,21.568767
"ООУ „Киро Глигоров''",Скопје,Васил Ѓоргов,school,+38926142744,http://www.ooukirogligorov.edu.mk/,41.992540,21.414324
Факултет за биотехнички науки - Битола,Битола,Стале Попов,university,,http://www.fbn.uklo.edu.mk/,41.023145,21.326120
ПООУ Ѓорче Петров,Пешталево,R2336,school,,,41.461025,21.399075
Гоце Делчев,Скопје,Даме Груев,school,+389 (02) 3129062,https://gocedelcev.edu.mk,41.992619,21.428038
ПООУ Исмаил Ќемали,Црнилиште,R2336,school,,,41.527248,21.413438
ОУ Невена Георгиева Дуња,Скопје,Ѓорѓи Сугаре,school,,,41.980263,21.445146
South East European University,Скопје,Булевар Гоце Делчев,university,,https://www.seeu.edu.mk/,41.999134,21.435306
Технички факултет - Битола,Битола,Македонска Фаланга,university,,http://www.tfb.edu.mk/,41.020905,21.341345
ДУД Мирка Гинова,Битола,Македонска Фаланга,dormitory,+38947237548,http://mirkaginova.mk,41.021848,21.341149
ПООУ Коста Солев-Кочо Рацин,Прилеп,Трајко Бошкоски-Тарцан,school,,http://ooukocoracinprilep.edu.mk/,41.340286,21.560791
Факултет за информатички и комуникациски технологии - Битола,Битола,Студентска,university,,https://fikt.edu.mk/,41.022147,21.325633
Висока медицинска школа - Битола,Битола,Ѓорѓи Наумов – Шоферо,university,+38947253268,http://vmsb.uklo.edu.mk/,41.023006,21.318916
Педагошки факултет - Битола,Битола,11. Бригада,university,,https://www.pfbt.uklo.edu.mk/,41.032246,21.314817
ПООУ Тодор Ангелевски-Тошо Даскало,Битола,Кире Костадиновски,school,,,41.055167,21.341454
ООУ Тодор Ангелевски-Тошо Даскалот,Битола,Илинденска,school,+38947622337,http://todorangelevski.blogspot.com/,41.037088,21.338713
ООУ Никола Тодоровски-Коле Канински,Битола,Карпош,school,,,41.025858,21.343786
ООУ Св. Кирил и Методиј,Битола,1. Мај,school,+38947237222,https://oukimbt.webs.com/,41.030829,21.338973
ООУ Св. Климент Охридски,Битола,Димче Лахчански,school,+38947255737,http://ousvklimentohridskibt.weebly.com/,41.024031,21.309054
ООУ Ѓорѓи Сугарев-Волкан,Битола,Димитар Влахов,school,,https://gorgisugarev.wordpress.com/,41.034149,21.333694
ООУ Ѓорѓи Делчев-Гоце,Битола,Виенска,school,,https://btgocedelcev.wordpress.com/,41.028484,21.333846
ООУ Стефан Наумов-Стив,Битола,Стефан Наумов-Стив,school,+38947223364,http://oustivnaumovbt.edu.mk/,41.027576,21.326374
ООУ Др Трифун Пановски,Битола,Охридска,school,,https://trifunpanovskibitola.wordpress.com/,41.031058,21.327288
ООУ Елпида Караманди,Битола,Младински Бригади,school,,https://www.elpidakaramandi.edu.mk/,41.031368,21.312698
University of Goce Delcev,Струмица,A4,university,,,41.442285,22.664880
Sv. Kliment Ohridski,Охрид,Васил Стефоски,school,,,41.121101,20.779277
International Primary School,Скопје,Скупи,school,+38923073700,https://ips.mk,42.013977,21.403372
ПООУ Пецо Крстески-Даскалот,Подвис,Даме Груев,school,,,41.393662,21.372446
ПООУ Исмаил Ќемали,Гостиражни,R2336,school,,,41.554876,21.428641
ООУ Вера Циривири-Трена,Дебреште,R1303,school,,,41.477506,21.314055
ПООУ Пере Тошев,Десово,L50318,school,,,41.463892,21.488082
ООУ Пецо Крстески-Даскалот,Долнени,R1303,school,,,41.425923,21.453331
ПООУ Пере Тошев,Дупјачани,L50318,school,,,41.468182,21.544072
ПООУ Пере Тошев,Дупјачани,L50318,school,,,41.440769,21.519383
ООУ Слобода,Житоше,R2335,school,,,41.420907,21.279110
ПООУ Пецо Крстески-Даскалот,Новоселани,Марко Деспотоски,school,,,41.381706,21.415190
ПООУ Петре Глигуровски,Костинци,R2336,school,,,41.497751,21.406954
ПООУ Мирче Ацев-Стојче,,,school,,,41.468495,21.288672
ООУ Мирче Ацев-Стојче,Лажани,R2335,school,,,41.446117,21.319571
ПООУ Слобода,Локвени,R2335,school,,,41.398034,21.307332
ПООУ Пере Тошев,Дупјачани,L50318,school,,,41.448528,21.560870
ООУ Ѓорче Петров,Ропотово,Стојан Кузманоски,school,,,41.451792,21.376314
ПООУ Ѓорче Петров,Секирци,R2336,school,,,41.474719,21.416716
ПООУ Пецо Крстески-Даскалот,Сенокос,R1303,school,,,41.413746,21.469242
ПООУ Петре Глигуровски,Десово,L50318,school,,,41.500674,21.451332
ООУ Никола Карев,Крушево,Шула Мина,school,,http://oounikolakarevkrusevo.edu.mk,41.368912,21.250319
ОУ„Браќа Миладиновци“,Царев Двор,R1307,school,,,41.041011,21.004592
Park Lojrash,Неготино,R1206,school,,,41.878285,20.887311
"Shkolla Fillore ""Naim Frasheri"" dhe Shkolla e Mesme Komunale",Неготино,R29278,school,,,41.878220,20.887860
Shkolla Fetare,Неготино,R1206,school,,,41.878980,20.882466
Shkolla Fillore e Kalishtit,Неготино,R1206,school,,,41.880414,20.863695
Shkolla Fillore e Gjurgjevishtit,Неготино,R1206,school,,,41.895849,20.862232
Shkolla Fillore Senakos,Сенокос,R1206,school,,,41.882563,20.891666
Shkolla Fetare Senakos,Сенокос,R1206,school,,,41.881666,20.890593
Elementary School Magdalena Antova,Куманово,Улица 110,school,,,42.153809,21.735661
ОУ Глигор Прличев,Скопје,Гемиџиска,school,,,42.014564,21.458821
О.У Санде Штерјоски,Кичево,Ибе Паликуќа,school,,,41.518916,20.957514
Сули-ан - Факултет за ликовна уметност,Скопје,Кујунџиска,university,,,42.001670,21.437775
О.У. Прпарими,Форино,R2233,school,,,41.830587,20.966304
Техничко-технолошки кампус,Скопје,Илинденска,university,,,42.004979,21.408343
Техничко-технолошки кампус,Скопје,Илинденска,university,,,42.004732,21.410072
ОУГС Љубен Лапе,Скопје,Васко Карангелевски,school,,,41.984349,21.460375
О.У. Блаже Конески,Велес,Љубљанска,school,,,41.716395,21.775140
О.У. Марко Цепенков,Орешани,R117,school,,,41.873046,21.600622
